Case_ID,FIR_Number,State,District,Area_Locality,Latitude,Longitude,Crime_Type,Crime_Subtype,Date,Day_of_Week,Time_Slot,Street_Lighting,Victim_Gender,Victim_Age_Group,Accused_Known_to_Victim,Weapon_Used,Severity,Arrest_Made,Case_Status,Description
KOL-5000,FIR/2024/341,West Bengal,Kolkata,Park Street,22.552025,88.348763,Sexual Offence,Attempt to Sexual Assault,2024-08-09,Friday,Late Night (12-4AM),No streetlight,Woman,36-50,Yes,None,High,Yes,Convicted,Attempted sexual assault reported and thwarted.
KOL-5001,FIR/2024/552,West Bengal,Kolkata,Park Street,22.551179,88.354237,Theft,Chain Snatching,2024-03-11,Monday,Early Morning (4-7AM),No streetlight,Man,18-25,Yes,None,Medium,No,Case Closed,Snatching of gold chain/jewelry from a pedestrian.
KOL-5002,FIR/2025/264,West Bengal,Kolkata,Park Street,22.554223,88.35619,Theft,Vehicle Theft,2025-10-26,Sunday,Late Night (12-4AM),Poorly-lit,Woman,18-25,Yes,None,Medium,Yes,FIR Filed,Theft of a two-wheeler/car parked in the area.
KOL-5003,FIR/2025/673,West Bengal,Kolkata,Park Street,22.551724,88.34642,Murder,Homicide,2025-11-12,Wednesday,Early Morning (4-7AM),Well-lit,Not Specified,18-25,Yes,Knife,High,Yes,Under Investigation,Reported homicide case under investigation.
KOL-5004,FIR/2024/596,West Bengal,Kolkata,Park Street,22.559386,88.347319,Domestic Violence,Emotional/Verbal Domestic Abuse,2024-05-29,Wednesday,Late Night (12-4AM),Poorly-lit,Woman,36-50,Yes,None,Medium,No,Case Closed,Reported emotional/verbal abuse within household.
KOL-5005,FIR/2025/723,West Bengal,Kolkata,Park Street,22.544983,88.345379,Sexual Offence,Molestation,2025-05-22,Thursday,Early Morning (4-7AM),No streetlight,Woman,Under 18,Yes,None,High,Yes,Acquitted,Reported case of outraging modesty of a woman.
KOL-5006,FIR/2024/167,West Bengal,Kolkata,Park Street,22.547752,88.346762,Kidnapping,Abduction,2024-12-22,Sunday,Late Night (12-4AM),Well-lit,Woman,51+,No,None,High,Yes,Under Investigation,Reported abduction case under active investigation.
KOL-5007,FIR/2025/602,West Bengal,Kolkata,Park Street,22.551248,88.356,Robbery,ATM Robbery,2025-11-23,Sunday,Evening (4-8PM),Poorly-lit,Man,18-25,No,Knife,High,Yes,Acquitted,Robbery attempt reported near an ATM kiosk.
KOL-5008,FIR/2024/973,West Bengal,Kolkata,Park Street,22.556505,88.360553,Murder,Homicide,2024-09-08,Sunday,Morning (7-11AM),Well-lit,Woman,36-50,No,None,High,Yes,Chargesheet Filed,Reported homicide case under investigation.
KOL-5009,FIR/2024/358,West Bengal,Kolkata,Park Street,22.549718,88.351252,Assault,Group Assault,2024-06-23,Sunday,Evening (4-8PM),Well-lit,Not Specified,18-25,Yes,Sharp object,High,No,Acquitted,Assault by multiple individuals reported by victim.
KOL-5010,FIR/2024/596,West Bengal,Kolkata,Park Street,22.553961,88.356815,Robbery,Shop Robbery,2024-01-29,Monday,Late Night (12-4AM),Poorly-lit,Not Specified,26-35,Yes,Blunt object,High,Yes,Convicted,Armed robbery reported at a local shop/establishment.
KOL-5011,FIR/2024/707,West Bengal,Kolkata,Esplanade,22.560998,88.353291,Domestic Violence,Dowry Harassment,2024-05-22,Wednesday,Night (8PM-12AM),Poorly-lit,Woman,Under 18,Yes,None,High,Yes,Under Investigation,Complaint of harassment related to dowry demands.
KOL-5012,FIR/2024/196,West Bengal,Kolkata,Esplanade,22.57383,88.353218,Kidnapping,Abduction,2024-09-20,Friday,Night (8PM-12AM),Poorly-lit,Man,18-25,Yes,None,High,Yes,Under Investigation,Reported abduction case under active investigation.
KOL-5013,FIR/2024/605,West Bengal,Kolkata,Esplanade,22.570051,88.356851,Robbery,Street Robbery,2024-03-14,Thursday,Late Night (12-4AM),Poorly-lit,Man,18-25,No,Acid,High,Yes,Chargesheet Filed,Forced snatching of valuables at knife/weapon point.
KOL-5014,FIR/2024/985,West Bengal,Kolkata,Esplanade,22.561768,88.358135,Burglary,Residential Burglary,2024-07-25,Thursday,Night (8PM-12AM),Poorly-lit,Man,Under 18,Yes,None,Medium,No,FIR Filed,Break-in at a residence during night hours.
KOL-5015,FIR/2025/498,West Bengal,Kolkata,Esplanade,22.572251,88.345855,Harassment,Workplace Harassment,2025-12-29,Monday,Morning (7-11AM),Well-lit,Woman,51+,No,None,Medium,Yes,Acquitted,Sexual harassment complaint filed against a colleague/superior.
KOL-5016,FIR/2025/620,West Bengal,Kolkata,Esplanade,22.571571,88.360529,Robbery,ATM Robbery,2025-05-30,Friday,Late Night (12-4AM),Well-lit,Man,51+,Yes,Acid,High,Yes,Convicted,Robbery attempt reported near an ATM kiosk.
KOL-5017,FIR/2025/425,West Bengal,Kolkata,Esplanade,22.563749,88.353945,Kidnapping,Attempted Kidnapping,2025-07-28,Monday,Morning (7-11AM),Well-lit,Man,26-35,Yes,None,High,Yes,Chargesheet Filed,Attempted abduction thwarted by bystanders/victim.
KOL-5018,FIR/2025/629,West Bengal,Kolkata,Esplanade,22.574123,88.354431,Sexual Offence,Rape,2025-10-03,Friday,Late Night (12-4AM),Poorly-lit,Woman,36-50,Yes,None,High,No,FIR Filed,Reported sexual assault case under investigation.
KOL-5019,FIR/2024/841,West Bengal,Kolkata,Esplanade,22.574262,88.343966,Murder,Homicide,2024-01-26,Friday,Early Morning (4-7AM),Poorly-lit,Man,18-25,No,Sharp object,High,Yes,Convicted,Reported homicide case under investigation.
KOL-5020,FIR/2024/834,West Bengal,Kolkata,Esplanade,22.572857,88.349881,Sexual Offence,Molestation,2024-12-01,Sunday,Evening (4-8PM),Poorly-lit,Woman,Under 18,Yes,None,High,No,Under Investigation,Reported case of outraging modesty of a woman.
KOL-5021,FIR/2025/413,West Bengal,Kolkata,Esplanade,22.569783,88.356353,Burglary,Commercial Burglary,2025-11-15,Saturday,Night (8PM-12AM),Poorly-lit,Man,26-35,Yes,None,Medium,No,Case Closed,Break-in reported at a shop/office after closing hours.
KOL-5022,FIR/2024/666,West Bengal,Kolkata,Esplanade,22.575847,88.360506,Sexual Offence,Attempt to Sexual Assault,2024-01-07,Sunday,Morning (7-11AM),Well-lit,Woman,18-25,Yes,None,High,Yes,Case Closed,Attempted sexual assault reported and thwarted.
KOL-5023,FIR/2025/443,West Bengal,Kolkata,Esplanade,22.567903,88.353859,Robbery,Street Robbery,2025-01-19,Sunday,Night (8PM-12AM),No streetlight,Man,Under 18,Yes,Sharp object,High,Yes,Case Closed,Forced snatching of valuables at knife/weapon point.
KOL-5024,FIR/2024/488,West Bengal,Kolkata,Esplanade,22.563196,88.359822,Kidnapping,Abduction,2024-11-25,Monday,Evening (4-8PM),No streetlight,Not Specified,18-25,Yes,None,High,No,Under Investigation,Reported abduction case under active investigation.
KOL-5025,FIR/2025/201,West Bengal,Kolkata,Salt Lake (Bidhannagar),22.57823,88.416393,Sexual Offence,Molestation,2025-11-12,Wednesday,Afternoon (11AM-4PM),Poorly-lit,Woman,18-25,Yes,None,High,Yes,Convicted,Reported case of outraging modesty of a woman.
KOL-5026,FIR/2025/560,West Bengal,Kolkata,Salt Lake (Bidhannagar),22.571619,88.422688,Burglary,Residential Burglary,2025-12-22,Monday,Evening (4-8PM),No streetlight,Woman,51+,Yes,None,Medium,No,Case Closed,Break-in at a residence during night hours.
KOL-5027,FIR/2024/910,West Bengal,Kolkata,Salt Lake (Bidhannagar),22.587948,88.410762,Burglary,Residential Burglary,2024-11-12,Tuesday,Morning (7-11AM),No streetlight,Woman,Under 18,No,None,Medium,Yes,Under Investigation,Break-in at a residence during night hours.
KOL-5028,FIR/2025/578,West Bengal,Kolkata,Salt Lake (Bidhannagar),22.586134,88.413656,Sexual Offence,Attempt to Sexual Assault,2025-03-03,Monday,Evening (4-8PM),No streetlight,Woman,51+,Yes,None,High,Yes,Convicted,Attempted sexual assault reported and thwarted.
KOL-5029,FIR/2025/376,West Bengal,Kolkata,Salt Lake (Bidhannagar),22.581477,88.409548,Theft,Bag Snatching,2025-11-04,Tuesday,Morning (7-11AM),Well-lit,Woman,51+,No,None,Medium,No,Case Closed,Snatching of a handbag from a woman pedestrian.
KOL-5030,FIR/2024/376,West Bengal,Kolkata,Salt Lake (Bidhannagar),22.576184,88.41962,Robbery,ATM Robbery,2024-01-10,Wednesday,Late Night (12-4AM),Poorly-lit,Woman,Under 18,Yes,Acid,High,Yes,FIR Filed,Robbery attempt reported near an ATM kiosk.
KOL-5031,FIR/2024/651,West Bengal,Kolkata,Salt Lake (Bidhannagar),22.573918,88.418635,Kidnapping,Abduction,2024-10-08,Tuesday,Night (8PM-12AM),Poorly-lit,Man,18-25,Yes,None,High,Yes,FIR Filed,Reported abduction case under active investigation.
KOL-5032,FIR/2025/645,West Bengal,Kolkata,Salt Lake (Bidhannagar),22.574581,88.411584,Assault,Acid Attack,2025-06-21,Saturday,Evening (4-8PM),No streetlight,Woman,18-25,Yes,Acid,High,No,FIR Filed,Reported acid attack case under investigation.
KOL-5033,FIR/2024/896,West Bengal,Kolkata,Salt Lake (Bidhannagar),22.583773,88.416989,Robbery,Street Robbery,2024-06-14,Friday,Late Night (12-4AM),No streetlight,Man,Under 18,No,Sharp object,High,Yes,FIR Filed,Forced snatching of valuables at knife/weapon point.
KOL-5034,FIR/2025/721,West Bengal,Kolkata,Salt Lake (Bidhannagar),22.588463,88.415123,Murder,Homicide,2025-04-20,Sunday,Late Night (12-4AM),Poorly-lit,Man,Under 18,No,Knife,High,Yes,Convicted,Reported homicide case under investigation.
KOL-5035,FIR/2025/345,West Bengal,Kolkata,Salt Lake (Bidhannagar),22.582643,88.411007,Theft,Pickpocketing,2025-07-03,Thursday,Evening (4-8PM),Well-lit,Man,18-25,No,None,Low,No,Case Closed,Pickpocketing incident reported in a crowded market/transit area.
KOL-5036,FIR/2025/209,West Bengal,Kolkata,New Town (Rajarhat),22.581617,88.46917,Robbery,ATM Robbery,2025-01-05,Sunday,Night (8PM-12AM),No streetlight,Not Specified,36-50,Yes,Sharp object,High,Yes,Acquitted,Robbery attempt reported near an ATM kiosk.
KOL-5037,FIR/2024/317,West Bengal,Kolkata,New Town (Rajarhat),22.588011,88.463751,Burglary,Commercial Burglary,2024-05-05,Sunday,Morning (7-11AM),No streetlight,Man,51+,No,None,Medium,Yes,Case Closed,Break-in reported at a shop/office after closing hours.
KOL-5038,FIR/2025/550,West Bengal,Kolkata,New Town (Rajarhat),22.579642,88.461305,Assault,Physical Assault,2025-05-16,Friday,Evening (4-8PM),No streetlight,Woman,36-50,Yes,None,Medium,Yes,Chargesheet Filed,Physical altercation resulting in injury to victim.
KOL-5039,FIR/2024/332,West Bengal,Kolkata,New Town (Rajarhat),22.574409,88.458441,Assault,Group Assault,2024-06-11,Tuesday,Evening (4-8PM),Poorly-lit,Woman,Under 18,No,Acid,High,Yes,Case Closed,Assault by multiple individuals reported by victim.
KOL-5040,FIR/2024/869,West Bengal,Kolkata,New Town (Rajarhat),22.584011,88.454988,Murder,Homicide,2024-05-15,Wednesday,Evening (4-8PM),Poorly-lit,Man,36-50,No,Acid,High,Yes,Acquitted,Reported homicide case under investigation.
KOL-5041,FIR/2025/748,West Bengal,Kolkata,New Town (Rajarhat),22.583706,88.467717,Harassment,Cyberstalking,2025-04-14,Monday,Night (8PM-12AM),Well-lit,Woman,18-25,No,None,Medium,No,FIR Filed,Online harassment and unwanted contact reported by victim.
KOL-5042,FIR/2024/132,West Bengal,Kolkata,New Town (Rajarhat),22.585431,88.471333,Robbery,Street Robbery,2024-04-16,Tuesday,Night (8PM-12AM),Well-lit,Woman,18-25,Yes,Knife,High,No,Case Closed,Forced snatching of valuables at knife/weapon point.
KOL-5043,FIR/2024/338,West Bengal,Kolkata,New Town (Rajarhat),22.572065,88.46967,Kidnapping,Attempted Kidnapping,2024-10-17,Thursday,Early Morning (4-7AM),No streetlight,Man,36-50,Yes,None,High,Yes,FIR Filed,Attempted abduction thwarted by bystanders/victim.
KOL-5044,FIR/2025/454,West Bengal,Kolkata,New Town (Rajarhat),22.580911,88.47182,Domestic Violence,Dowry Harassment,2025-01-17,Friday,Evening (4-8PM),Well-lit,Woman,Under 18,Yes,None,High,Yes,Chargesheet Filed,Complaint of harassment related to dowry demands.
KOL-5045,FIR/2025/893,West Bengal,Kolkata,New Town (Rajarhat),22.583344,88.462725,Sexual Offence,Molestation,2025-06-10,Tuesday,Night (8PM-12AM),Well-lit,Woman,36-50,Yes,None,High,No,Acquitted,Reported case of outraging modesty of a woman.
KOL-5046,FIR/2024/291,West Bengal,Kolkata,New Town (Rajarhat),22.580722,88.457471,Harassment,Cyberstalking,2024-10-04,Friday,Afternoon (11AM-4PM),Poorly-lit,Woman,26-35,No,None,Medium,Yes,Under Investigation,Online harassment and unwanted contact reported by victim.
KOL-5047,FIR/2024/879,West Bengal,Kolkata,New Town (Rajarhat),22.572086,88.457345,Burglary,Residential Burglary,2024-06-05,Wednesday,Morning (7-11AM),Well-lit,Woman,51+,Yes,None,Medium,No,Acquitted,Break-in at a residence during night hours.
KOL-5048,FIR/2024/198,West Bengal,Kolkata,New Town (Rajarhat),22.584508,88.458248,Harassment,Stalking,2024-01-19,Friday,Early Morning (4-7AM),No streetlight,Woman,18-25,Yes,None,Medium,Yes,Convicted,Repeated unwanted following/monitoring of a woman reported by victim.
KOL-5049,FIR/2025/466,West Bengal,Kolkata,Behala,22.500681,88.320826,Burglary,Commercial Burglary,2025-06-16,Monday,Night (8PM-12AM),No streetlight,Not Specified,36-50,No,None,Medium,Yes,Chargesheet Filed,Break-in reported at a shop/office after closing hours.
KOL-5050,FIR/2025/894,West Bengal,Kolkata,Behala,22.500687,88.306935,Sexual Offence,Rape,2025-02-17,Monday,Night (8PM-12AM),Poorly-lit,Woman,51+,Yes,None,High,Yes,FIR Filed,Reported sexual assault case under investigation.
KOL-5051,FIR/2024/218,West Bengal,Kolkata,Behala,22.495012,88.32095,Domestic Violence,Emotional/Verbal Domestic Abuse,2024-10-23,Wednesday,Afternoon (11AM-4PM),Well-lit,Woman,36-50,Yes,None,Medium,No,Case Closed,Reported emotional/verbal abuse within household.
KOL-5052,FIR/2024/793,West Bengal,Kolkata,Behala,22.491928,88.311947,Assault,Group Assault,2024-05-21,Tuesday,Night (8PM-12AM),No streetlight,Woman,26-35,No,None,High,Yes,Chargesheet Filed,Assault by multiple individuals reported by victim.
KOL-5053,FIR/2025/472,West Bengal,Kolkata,Behala,22.491183,88.319523,Domestic Violence,Physical Domestic Abuse,2025-03-11,Tuesday,Evening (4-8PM),No streetlight,Woman,Under 18,Yes,None,High,Yes,Case Closed,Reported physical abuse within a domestic setting.
KOL-5054,FIR/2024/266,West Bengal,Kolkata,Behala,22.4992,88.311581,Burglary,Residential Burglary,2024-12-04,Wednesday,Evening (4-8PM),Well-lit,Man,Under 18,No,None,Medium,Yes,Convicted,Break-in at a residence during night hours.
KOL-5055,FIR/2024/966,West Bengal,Kolkata,Behala,22.494156,88.321733,Theft,Mobile Theft,2024-12-10,Tuesday,Early Morning (4-7AM),No streetlight,Man,36-50,Yes,None,Low,No,Acquitted,Theft of mobile phone from a passerby or commuter.
KOL-5056,FIR/2024/249,West Bengal,Kolkata,Behala,22.495342,88.316797,Sexual Offence,Rape,2024-07-04,Thursday,Night (8PM-12AM),No streetlight,Woman,36-50,Yes,None,High,Yes,Chargesheet Filed,Reported sexual assault case under investigation.
KOL-5057,FIR/2024/504,West Bengal,Kolkata,Behala,22.503801,88.318637,Assault,Group Assault,2024-03-21,Thursday,Late Night (12-4AM),No streetlight,Woman,26-35,No,Acid,High,Yes,Case Closed,Assault by multiple individuals reported by victim.
KOL-5058,FIR/2024/294,West Bengal,Kolkata,Behala,22.500702,88.322593,Theft,Bag Snatching,2024-08-04,Sunday,Night (8PM-12AM),Poorly-lit,Man,18-25,Yes,None,Medium,Yes,FIR Filed,Snatching of a handbag from a woman pedestrian.
KOL-5059,FIR/2024/631,West Bengal,Kolkata,Behala,22.502929,88.31535,Domestic Violence,Emotional/Verbal Domestic Abuse,2024-06-19,Wednesday,Night (8PM-12AM),Well-lit,Woman,36-50,Yes,None,Medium,Yes,Chargesheet Filed,Reported emotional/verbal abuse within household.
KOL-5060,FIR/2024/280,West Bengal,Kolkata,Tollygunge,22.504636,88.347179,Theft,Mobile Theft,2024-06-18,Tuesday,Evening (4-8PM),Well-lit,Man,Under 18,Yes,None,Low,No,Acquitted,Theft of mobile phone from a passerby or commuter.
KOL-5061,FIR/2024/818,West Bengal,Kolkata,Tollygunge,22.50355,88.3493,Murder,Homicide,2024-10-25,Friday,Evening (4-8PM),Well-lit,Woman,51+,Yes,Blunt object,High,Yes,Chargesheet Filed,Reported homicide case under investigation.
KOL-5062,FIR/2025/745,West Bengal,Kolkata,Tollygunge,22.500139,88.349936,Sexual Offence,Molestation,2025-12-19,Friday,Afternoon (11AM-4PM),No streetlight,Woman,26-35,Yes,None,High,Yes,Chargesheet Filed,Reported case of outraging modesty of a woman.
KOL-5063,FIR/2024/318,West Bengal,Kolkata,Tollygunge,22.503179,88.348333,Kidnapping,Abduction,2024-10-12,Saturday,Night (8PM-12AM),No streetlight,Woman,26-35,Yes,None,High,No,Under Investigation,Reported abduction case under active investigation.
KOL-5064,FIR/2024/879,West Bengal,Kolkata,Tollygunge,22.492559,88.334123,Murder,Homicide,2024-11-28,Thursday,Night (8PM-12AM),No streetlight,Man,18-25,No,Acid,High,Yes,Acquitted,Reported homicide case under investigation.
KOL-5065,FIR/2025/846,West Bengal,Kolkata,Tollygunge,22.494929,88.346775,Burglary,Residential Burglary,2025-02-26,Wednesday,Afternoon (11AM-4PM),No streetlight,Woman,36-50,No,None,Medium,Yes,Chargesheet Filed,Break-in at a residence during night hours.
KOL-5066,FIR/2025/836,West Bengal,Kolkata,Tollygunge,22.497184,88.337698,Theft,Mobile Theft,2025-03-19,Wednesday,Night (8PM-12AM),Well-lit,Woman,Under 18,No,None,Low,Yes,Case Closed,Theft of mobile phone from a passerby or commuter.
KOL-5067,FIR/2024/923,West Bengal,Kolkata,Tollygunge,22.507647,88.350009,Domestic Violence,Physical Domestic Abuse,2024-03-27,Wednesday,Late Night (12-4AM),No streetlight,Woman,51+,Yes,None,High,Yes,Under Investigation,Reported physical abuse within a domestic setting.
KOL-5068,FIR/2025/720,West Bengal,Kolkata,Tollygunge,22.505596,88.351382,Theft,Bag Snatching,2025-06-17,Tuesday,Early Morning (4-7AM),Poorly-lit,Man,Under 18,No,None,Medium,No,FIR Filed,Snatching of a handbag from a woman pedestrian.
KOL-5069,FIR/2025/769,West Bengal,Kolkata,Tollygunge,22.500593,88.338375,Sexual Offence,Molestation,2025-08-02,Saturday,Afternoon (11AM-4PM),Poorly-lit,Woman,18-25,Yes,None,High,Yes,Under Investigation,Reported case of outraging modesty of a woman.
KOL-5070,FIR/2024/583,West Bengal,Kolkata,Tollygunge,22.505643,88.340663,Kidnapping,Attempted Kidnapping,2024-04-28,Sunday,Evening (4-8PM),Poorly-lit,Man,Under 18,Yes,None,High,No,Under Investigation,Attempted abduction thwarted by bystanders/victim.
KOL-5071,FIR/2025/863,West Bengal,Kolkata,Tollygunge,22.506863,88.345444,Assault,Group Assault,2025-04-29,Tuesday,Afternoon (11AM-4PM),No streetlight,Woman,51+,No,Blunt object,High,Yes,Convicted,Assault by multiple individuals reported by victim.
KOL-5072,FIR/2024/952,West Bengal,Kolkata,Tollygunge,22.499364,88.337734,Domestic Violence,Emotional/Verbal Domestic Abuse,2024-09-27,Friday,Morning (7-11AM),Poorly-lit,Woman,18-25,Yes,None,Medium,Yes,FIR Filed,Reported emotional/verbal abuse within household.
KOL-5073,FIR/2025/676,West Bengal,Kolkata,Jadavpur,22.500741,88.367267,Domestic Violence,Dowry Harassment,2025-05-29,Thursday,Afternoon (11AM-4PM),Poorly-lit,Woman,51+,Yes,None,High,Yes,Acquitted,Complaint of harassment related to dowry demands.
KOL-5074,FIR/2024/529,West Bengal,Kolkata,Jadavpur,22.507884,88.365465,Harassment,Stalking,2024-01-12,Friday,Evening (4-8PM),No streetlight,Woman,51+,Yes,None,Medium,No,Acquitted,Repeated unwanted following/monitoring of a woman reported by victim.
KOL-5075,FIR/2024/744,West Bengal,Kolkata,Jadavpur,22.501119,88.365643,Sexual Offence,Molestation,2024-07-15,Monday,Early Morning (4-7AM),No streetlight,Woman,26-35,No,None,High,No,Under Investigation,Reported case of outraging modesty of a woman.
KOL-5076,FIR/2024/538,West Bengal,Kolkata,Jadavpur,22.495098,88.375586,Sexual Offence,Molestation,2024-08-24,Saturday,Early Morning (4-7AM),No streetlight,Woman,26-35,Yes,None,High,Yes,Chargesheet Filed,Reported case of outraging modesty of a woman.
KOL-5077,FIR/2024/639,West Bengal,Kolkata,Jadavpur,22.494746,88.365289,Murder,Homicide,2024-08-27,Tuesday,Late Night (12-4AM),No streetlight,Woman,18-25,Yes,Acid,High,No,Under Investigation,Reported homicide case under investigation.
KOL-5078,FIR/2025/940,West Bengal,Kolkata,Jadavpur,22.50722,88.377664,Harassment,Eve Teasing,2025-05-07,Wednesday,Late Night (12-4AM),Poorly-lit,Woman,51+,Yes,None,Low,No,Under Investigation,Verbal harassment of a woman commuter near a public transport stop.
KOL-5079,FIR/2024/788,West Bengal,Kolkata,Jadavpur,22.504141,88.380067,Assault,Acid Attack,2024-05-29,Wednesday,Morning (7-11AM),Well-lit,Man,36-50,Yes,Firearm,High,No,Case Closed,Reported acid attack case under investigation.
KOL-5080,FIR/2024/186,West Bengal,Kolkata,Jadavpur,22.491787,88.380047,Burglary,Residential Burglary,2024-02-10,Saturday,Early Morning (4-7AM),Poorly-lit,Woman,26-35,No,None,Medium,No,Acquitted,Break-in at a residence during night hours.
KOL-5081,FIR/2025/963,West Bengal,Kolkata,Jadavpur,22.503527,88.379957,Sexual Offence,Rape,2025-06-20,Friday,Night (8PM-12AM),Poorly-lit,Woman,18-25,Yes,None,High,Yes,Case Closed,Reported sexual assault case under investigation.
KOL-5082,FIR/2025/155,West Bengal,Kolkata,Jadavpur,22.497172,88.374211,Harassment,Workplace Harassment,2025-05-05,Monday,Night (8PM-12AM),No streetlight,Woman,51+,Yes,None,Medium,Yes,Case Closed,Sexual harassment complaint filed against a colleague/superior.
KOL-5083,FIR/2025/961,West Bengal,Kolkata,Jadavpur,22.498501,88.367291,Assault,Physical Assault,2025-07-26,Saturday,Evening (4-8PM),Poorly-lit,Man,36-50,No,Blunt object,Medium,No,Under Investigation,Physical altercation resulting in injury to victim.
KOL-5084,FIR/2025/437,West Bengal,Kolkata,Jadavpur,22.502318,88.362871,Assault,Acid Attack,2025-10-07,Tuesday,Early Morning (4-7AM),Poorly-lit,Woman,Under 18,No,Sharp object,High,No,Case Closed,Reported acid attack case under investigation.
KOL-5085,FIR/2024/661,West Bengal,Kolkata,Jadavpur,22.499468,88.363761,Sexual Offence,Rape,2024-05-22,Wednesday,Morning (7-11AM),No streetlight,Woman,Under 18,Yes,None,High,No,Acquitted,Reported sexual assault case under investigation.
KOL-5086,FIR/2024/937,West Bengal,Kolkata,Jadavpur,22.498836,88.378664,Murder,Homicide,2024-05-28,Tuesday,Early Morning (4-7AM),Poorly-lit,Man,36-50,Yes,Firearm,High,Yes,Under Investigation,Reported homicide case under investigation.
KOL-5087,FIR/2024/945,West Bengal,Kolkata,Jadavpur,22.493027,88.375543,Burglary,Residential Burglary,2024-02-22,Thursday,Afternoon (11AM-4PM),Well-lit,Woman,18-25,Yes,None,Medium,No,Case Closed,Break-in at a residence during night hours.
KOL-5088,FIR/2024/860,West Bengal,Kolkata,Jadavpur,22.502377,88.377406,Assault,Physical Assault,2024-09-07,Saturday,Late Night (12-4AM),Poorly-lit,Man,36-50,No,None,Medium,Yes,Chargesheet Filed,Physical altercation resulting in injury to victim.
KOL-5089,FIR/2024/873,West Bengal,Kolkata,Garia,22.453852,88.399502,Assault,Physical Assault,2024-02-03,Saturday,Late Night (12-4AM),No streetlight,Man,51+,No,Blunt object,Medium,No,Acquitted,Physical altercation resulting in injury to victim.
KOL-5090,FIR/2025/711,West Bengal,Kolkata,Garia,22.468837,88.398069,Harassment,Public Indecency,2025-12-03,Wednesday,Early Morning (4-7AM),Well-lit,Woman,26-35,No,None,Medium,Yes,Under Investigation,Complaint of indecent exposure/behavior in a public space.
KOL-5091,FIR/2024/455,West Bengal,Kolkata,Garia,22.454158,88.388148,Robbery,Shop Robbery,2024-06-14,Friday,Evening (4-8PM),No streetlight,Man,Under 18,Yes,Blunt object,High,Yes,Case Closed,Armed robbery reported at a local shop/establishment.
KOL-5092,FIR/2024/100,West Bengal,Kolkata,Garia,22.462054,88.399794,Sexual Offence,Molestation,2024-03-13,Wednesday,Evening (4-8PM),Well-lit,Woman,26-35,Yes,None,High,No,Acquitted,Reported case of outraging modesty of a woman.
KOL-5093,FIR/2025/247,West Bengal,Kolkata,Garia,22.466238,88.394826,Robbery,ATM Robbery,2025-02-08,Saturday,Late Night (12-4AM),Well-lit,Woman,51+,Yes,Firearm,High,Yes,Chargesheet Filed,Robbery attempt reported near an ATM kiosk.
KOL-5094,FIR/2025/985,West Bengal,Kolkata,Garia,22.468434,88.385901,Robbery,ATM Robbery,2025-11-04,Tuesday,Night (8PM-12AM),Well-lit,Man,18-25,Yes,Blunt object,High,No,Case Closed,Robbery attempt reported near an ATM kiosk.
KOL-5095,FIR/2025/994,West Bengal,Kolkata,Garia,22.465161,88.388489,Robbery,Street Robbery,2025-11-18,Tuesday,Late Night (12-4AM),Well-lit,Woman,36-50,No,Knife,High,Yes,Convicted,Forced snatching of valuables at knife/weapon point.
KOL-5096,FIR/2025/258,West Bengal,Kolkata,Garia,22.469279,88.3882,Kidnapping,Abduction,2025-06-25,Wednesday,Afternoon (11AM-4PM),Poorly-lit,Man,36-50,Yes,None,High,No,Acquitted,Reported abduction case under active investigation.
KOL-5097,FIR/2024/801,West Bengal,Kolkata,Garia,22.466873,88.38427,Murder,Homicide,2024-02-07,Wednesday,Night (8PM-12AM),Poorly-lit,Woman,36-50,No,Acid,High,No,Under Investigation,Reported homicide case under investigation.
KOL-5098,FIR/2025/536,West Bengal,Kolkata,Garia,22.463045,88.401237,Burglary,Residential Burglary,2025-07-10,Thursday,Early Morning (4-7AM),Poorly-lit,Man,51+,No,None,Medium,Yes,Chargesheet Filed,Break-in at a residence during night hours.
KOL-5099,FIR/2024/573,West Bengal,Kolkata,Garia,22.469667,88.388114,Harassment,Cyberstalking,2024-11-08,Friday,Evening (4-8PM),Poorly-lit,Woman,18-25,Yes,None,Medium,Yes,Chargesheet Filed,Online harassment and unwanted contact reported by victim.
KOL-5100,FIR/2025/838,West Bengal,Kolkata,Garia,22.456661,88.396201,Kidnapping,Attempted Kidnapping,2025-03-23,Sunday,Evening (4-8PM),Well-lit,Not Specified,18-25,Yes,None,High,Yes,Convicted,Attempted abduction thwarted by bystanders/victim.
KOL-5101,FIR/2024/493,West Bengal,Kolkata,Garia,22.45493,88.386487,Domestic Violence,Emotional/Verbal Domestic Abuse,2024-12-27,Friday,Late Night (12-4AM),Poorly-lit,Woman,36-50,No,None,Medium,Yes,Convicted,Reported emotional/verbal abuse within household.
KOL-5102,FIR/2025/649,West Bengal,Kolkata,Garia,22.457067,88.388987,Kidnapping,Abduction,2025-09-20,Saturday,Late Night (12-4AM),No streetlight,Man,26-35,No,None,High,Yes,Chargesheet Filed,Reported abduction case under active investigation.
KOL-5103,FIR/2025/811,West Bengal,Kolkata,Garia,22.456622,88.397033,Kidnapping,Abduction,2025-02-01,Saturday,Afternoon (11AM-4PM),Well-lit,Woman,18-25,Yes,None,High,Yes,FIR Filed,Reported abduction case under active investigation.
KOL-5104,FIR/2024/901,West Bengal,Kolkata,Ballygunge,22.537327,88.368061,Sexual Offence,Rape,2024-06-11,Tuesday,Night (8PM-12AM),Well-lit,Woman,Under 18,Yes,None,High,Yes,Convicted,Reported sexual assault case under investigation.
KOL-5105,FIR/2025/679,West Bengal,Kolkata,Ballygunge,22.530825,88.358201,Domestic Violence,Dowry Harassment,2025-12-03,Wednesday,Evening (4-8PM),Well-lit,Woman,51+,Yes,None,High,Yes,Acquitted,Complaint of harassment related to dowry demands.
KOL-5106,FIR/2025/521,West Bengal,Kolkata,Ballygunge,22.533856,88.361389,Kidnapping,Abduction,2025-09-30,Tuesday,Late Night (12-4AM),Well-lit,Man,51+,Yes,None,High,Yes,Chargesheet Filed,Reported abduction case under active investigation.
KOL-5107,FIR/2025/412,West Bengal,Kolkata,Ballygunge,22.521012,88.366447,Kidnapping,Attempted Kidnapping,2025-07-26,Saturday,Evening (4-8PM),Well-lit,Man,Under 18,No,None,High,Yes,Under Investigation,Attempted abduction thwarted by bystanders/victim.
KOL-5108,FIR/2024/979,West Bengal,Kolkata,Ballygunge,22.532214,88.37104,Domestic Violence,Emotional/Verbal Domestic Abuse,2024-10-24,Thursday,Night (8PM-12AM),No streetlight,Woman,51+,Yes,None,Medium,Yes,Acquitted,Reported emotional/verbal abuse within household.
KOL-5109,FIR/2025/542,West Bengal,Kolkata,Ballygunge,22.523863,88.360542,Theft,Vehicle Theft,2025-03-10,Monday,Late Night (12-4AM),No streetlight,Not Specified,26-35,Yes,None,Medium,No,Under Investigation,Theft of a two-wheeler/car parked in the area.
KOL-5110,FIR/2024/304,West Bengal,Kolkata,Ballygunge,22.532286,88.358365,Theft,Bag Snatching,2024-11-15,Friday,Afternoon (11AM-4PM),Well-lit,Man,Under 18,Yes,None,Medium,Yes,Chargesheet Filed,Snatching of a handbag from a woman pedestrian.
KOL-5111,FIR/2025/263,West Bengal,Kolkata,Ballygunge,22.523122,88.364055,Robbery,Shop Robbery,2025-10-17,Friday,Night (8PM-12AM),No streetlight,Man,Under 18,No,Firearm,High,Yes,Convicted,Armed robbery reported at a local shop/establishment.
KOL-5112,FIR/2025/711,West Bengal,Kolkata,Ballygunge,22.537378,88.362296,Robbery,Street Robbery,2025-03-20,Thursday,Early Morning (4-7AM),Well-lit,Man,26-35,Yes,Knife,High,Yes,Chargesheet Filed,Forced snatching of valuables at knife/weapon point.
KOL-5113,FIR/2024/123,West Bengal,Kolkata,Ballygunge,22.536576,88.35904,Murder,Homicide,2024-10-17,Thursday,Early Morning (4-7AM),Poorly-lit,Woman,36-50,Yes,Firearm,High,Yes,Convicted,Reported homicide case under investigation.
KOL-5114,FIR/2025/565,West Bengal,Kolkata,Ballygunge,22.524634,88.362816,Assault,Group Assault,2025-01-28,Tuesday,Evening (4-8PM),No streetlight,Man,18-25,Yes,Firearm,High,No,Case Closed,Assault by multiple individuals reported by victim.
KOL-5115,FIR/2024/337,West Bengal,Kolkata,Ballygunge,22.536979,88.37029,Harassment,Public Indecency,2024-11-04,Monday,Night (8PM-12AM),Well-lit,Woman,26-35,Yes,None,Medium,Yes,Under Investigation,Complaint of indecent exposure/behavior in a public space.
KOL-5116,FIR/2024/726,West Bengal,Kolkata,Ballygunge,22.537712,88.361881,Theft,Bag Snatching,2024-02-12,Monday,Late Night (12-4AM),No streetlight,Man,51+,No,None,Medium,Yes,Convicted,Snatching of a handbag from a woman pedestrian.
KOL-5117,FIR/2025/627,West Bengal,Kolkata,Ballygunge,22.534893,88.361204,Murder,Homicide,2025-09-13,Saturday,Night (8PM-12AM),Well-lit,Woman,51+,No,Knife,High,Yes,Case Closed,Reported homicide case under investigation.
KOL-5118,FIR/2024/920,West Bengal,Kolkata,Ballygunge,22.534306,88.359331,Murder,Homicide,2024-05-17,Friday,Afternoon (11AM-4PM),Poorly-lit,Not Specified,18-25,Yes,Knife,High,No,Under Investigation,Reported homicide case under investigation.
KOL-5119,FIR/2024/467,West Bengal,Kolkata,Alipore,22.530705,88.328721,Robbery,Shop Robbery,2024-01-31,Wednesday,Night (8PM-12AM),Well-lit,Woman,18-25,No,Acid,High,No,FIR Filed,Armed robbery reported at a local shop/establishment.
KOL-5120,FIR/2025/694,West Bengal,Kolkata,Alipore,22.531908,88.336273,Robbery,ATM Robbery,2025-08-20,Wednesday,Late Night (12-4AM),Well-lit,Man,36-50,Yes,None,High,Yes,Chargesheet Filed,Robbery attempt reported near an ATM kiosk.
KOL-5121,FIR/2024/439,West Bengal,Kolkata,Alipore,22.535079,88.329133,Theft,Pickpocketing,2024-05-12,Sunday,Early Morning (4-7AM),Poorly-lit,Man,18-25,No,None,Low,No,Acquitted,Pickpocketing incident reported in a crowded market/transit area.
KOL-5122,FIR/2025/480,West Bengal,Kolkata,Alipore,22.536317,88.334088,Murder,Homicide,2025-07-06,Sunday,Afternoon (11AM-4PM),Poorly-lit,Man,51+,Yes,Blunt object,High,No,FIR Filed,Reported homicide case under investigation.
KOL-5123,FIR/2024/326,West Bengal,Kolkata,Alipore,22.533185,88.321577,Harassment,Public Indecency,2024-11-28,Thursday,Afternoon (11AM-4PM),Poorly-lit,Woman,51+,No,None,Medium,No,Case Closed,Complaint of indecent exposure/behavior in a public space.
KOL-5124,FIR/2024/945,West Bengal,Kolkata,Alipore,22.527973,88.319784,Harassment,Eve Teasing,2024-03-15,Friday,Early Morning (4-7AM),Poorly-lit,Woman,36-50,No,None,Low,No,Case Closed,Verbal harassment of a woman commuter near a public transport stop.
KOL-5125,FIR/2025/733,West Bengal,Kolkata,Alipore,22.540223,88.322414,Sexual Offence,Attempt to Sexual Assault,2025-09-26,Friday,Early Morning (4-7AM),Well-lit,Woman,18-25,Yes,None,High,Yes,Convicted,Attempted sexual assault reported and thwarted.
KOL-5126,FIR/2024/432,West Bengal,Kolkata,Alipore,22.530065,88.323584,Burglary,Commercial Burglary,2024-03-28,Thursday,Early Morning (4-7AM),Well-lit,Woman,18-25,No,None,Medium,Yes,Case Closed,Break-in reported at a shop/office after closing hours.
KOL-5127,FIR/2024/205,West Bengal,Kolkata,Alipore,22.538064,88.333852,Murder,Homicide,2024-06-08,Saturday,Evening (4-8PM),Well-lit,Man,51+,Yes,None,High,Yes,Convicted,Reported homicide case under investigation.
KOL-5128,FIR/2024/898,West Bengal,Kolkata,Alipore,22.541101,88.327666,Harassment,Workplace Harassment,2024-03-24,Sunday,Night (8PM-12AM),Well-lit,Woman,Under 18,No,None,Medium,No,FIR Filed,Sexual harassment complaint filed against a colleague/superior.
KOL-5129,FIR/2024/344,West Bengal,Kolkata,Alipore,22.534553,88.32227,Harassment,Stalking,2024-04-12,Friday,Night (8PM-12AM),Well-lit,Woman,26-35,No,None,Medium,No,Acquitted,Repeated unwanted following/monitoring of a woman reported by victim.
KOL-5130,FIR/2025/977,West Bengal,Kolkata,Alipore,22.534157,88.327459,Harassment,Eve Teasing,2025-05-17,Saturday,Late Night (12-4AM),No streetlight,Woman,51+,No,None,Low,Yes,Case Closed,Verbal harassment of a woman commuter near a public transport stop.
KOL-5131,FIR/2025/187,West Bengal,Kolkata,Alipore,22.528544,88.328118,Kidnapping,Attempted Kidnapping,2025-10-09,Thursday,Late Night (12-4AM),No streetlight,Man,Under 18,Yes,None,High,No,Under Investigation,Attempted abduction thwarted by bystanders/victim.
KOL-5132,FIR/2025/568,West Bengal,Kolkata,Alipore,22.526534,88.324997,Kidnapping,Attempted Kidnapping,2025-07-11,Friday,Early Morning (4-7AM),Poorly-lit,Not Specified,36-50,Yes,None,High,No,Acquitted,Attempted abduction thwarted by bystanders/victim.
KOL-5133,FIR/2025/720,West Bengal,Kolkata,Alipore,22.526961,88.322953,Kidnapping,Abduction,2025-01-23,Thursday,Early Morning (4-7AM),Poorly-lit,Not Specified,18-25,Yes,None,High,No,Acquitted,Reported abduction case under active investigation.
KOL-5134,FIR/2024/896,West Bengal,Kolkata,Kalighat,22.518585,88.347794,Sexual Offence,Rape,2024-09-19,Thursday,Evening (4-8PM),Poorly-lit,Woman,Under 18,No,None,High,No,Under Investigation,Reported sexual assault case under investigation.
KOL-5135,FIR/2024/172,West Bengal,Kolkata,Kalighat,22.525286,88.334473,Harassment,Stalking,2024-07-06,Saturday,Early Morning (4-7AM),Poorly-lit,Woman,18-25,No,None,Medium,Yes,Convicted,Repeated unwanted following/monitoring of a woman reported by victim.
KOL-5136,FIR/2024/391,West Bengal,Kolkata,Kalighat,22.526287,88.346174,Harassment,Cyberstalking,2024-12-31,Tuesday,Early Morning (4-7AM),Well-lit,Woman,36-50,Yes,None,Medium,Yes,Convicted,Online harassment and unwanted contact reported by victim.
KOL-5137,FIR/2024/202,West Bengal,Kolkata,Kalighat,22.527123,88.33467,Sexual Offence,Rape,2024-05-21,Tuesday,Evening (4-8PM),No streetlight,Woman,Under 18,No,None,High,Yes,FIR Filed,Reported sexual assault case under investigation.
KOL-5138,FIR/2024/678,West Bengal,Kolkata,Kalighat,22.523694,88.342562,Assault,Physical Assault,2024-08-19,Monday,Early Morning (4-7AM),No streetlight,Man,18-25,Yes,Firearm,Medium,Yes,Convicted,Physical altercation resulting in injury to victim.
KOL-5139,FIR/2024/573,West Bengal,Kolkata,Kalighat,22.519961,88.351506,Burglary,Commercial Burglary,2024-09-30,Monday,Early Morning (4-7AM),Poorly-lit,Woman,51+,Yes,None,Medium,No,FIR Filed,Break-in reported at a shop/office after closing hours.
KOL-5140,FIR/2024/576,West Bengal,Kolkata,Kalighat,22.517958,88.347378,Murder,Homicide,2024-06-07,Friday,Early Morning (4-7AM),No streetlight,Woman,51+,No,Knife,High,Yes,Chargesheet Filed,Reported homicide case under investigation.
KOL-5141,FIR/2025/191,West Bengal,Kolkata,Kalighat,22.512919,88.344837,Kidnapping,Abduction,2025-04-23,Wednesday,Night (8PM-12AM),Poorly-lit,Man,Under 18,Yes,None,High,Yes,FIR Filed,Reported abduction case under active investigation.
KOL-5142,FIR/2025/903,West Bengal,Kolkata,Kalighat,22.523622,88.345155,Kidnapping,Abduction,2025-12-21,Sunday,Afternoon (11AM-4PM),Poorly-lit,Not Specified,Under 18,Yes,None,High,Yes,Under Investigation,Reported abduction case under active investigation.
KOL-5143,FIR/2025/117,West Bengal,Kolkata,Kalighat,22.527547,88.339391,Robbery,Street Robbery,2025-08-17,Sunday,Early Morning (4-7AM),Well-lit,Woman,51+,No,None,High,Yes,Convicted,Forced snatching of valuables at knife/weapon point.
KOL-5144,FIR/2025/972,West Bengal,Kolkata,Kalighat,22.521044,88.339775,Harassment,Cyberstalking,2025-10-05,Sunday,Early Morning (4-7AM),No streetlight,Woman,36-50,No,None,Medium,Yes,Convicted,Online harassment and unwanted contact reported by victim.
KOL-5145,FIR/2024/907,West Bengal,Kolkata,Kalighat,22.513832,88.343888,Assault,Physical Assault,2024-08-11,Sunday,Late Night (12-4AM),Poorly-lit,Not Specified,Under 18,Yes,Knife,Medium,Yes,Chargesheet Filed,Physical altercation resulting in injury to victim.
KOL-5146,FIR/2024/960,West Bengal,Kolkata,Kalighat,22.52694,88.340091,Burglary,Commercial Burglary,2024-09-06,Friday,Night (8PM-12AM),No streetlight,Man,36-50,No,None,Medium,No,Under Investigation,Break-in reported at a shop/office after closing hours.
KOL-5147,FIR/2025/938,West Bengal,Kolkata,Bhawanipore,22.522739,88.346369,Kidnapping,Abduction,2025-08-17,Sunday,Evening (4-8PM),No streetlight,Man,18-25,Yes,None,High,Yes,Convicted,Reported abduction case under active investigation.
KOL-5148,FIR/2025/818,West Bengal,Kolkata,Bhawanipore,22.521978,88.338983,Burglary,Residential Burglary,2025-04-09,Wednesday,Late Night (12-4AM),No streetlight,Man,18-25,Yes,None,Medium,No,Under Investigation,Break-in at a residence during night hours.
KOL-5149,FIR/2024/961,West Bengal,Kolkata,Bhawanipore,22.526579,88.34906,Harassment,Public Indecency,2024-01-28,Sunday,Late Night (12-4AM),Poorly-lit,Woman,36-50,Yes,None,Medium,Yes,Under Investigation,Complaint of indecent exposure/behavior in a public space.
KOL-5150,FIR/2024/704,West Bengal,Kolkata,Bhawanipore,22.532062,88.344938,Sexual Offence,Rape,2024-08-20,Tuesday,Night (8PM-12AM),Poorly-lit,Woman,Under 18,No,None,High,Yes,Chargesheet Filed,Reported sexual assault case under investigation.
KOL-5151,FIR/2024/518,West Bengal,Kolkata,Bhawanipore,22.529482,88.350181,Burglary,Commercial Burglary,2024-06-01,Saturday,Night (8PM-12AM),No streetlight,Woman,Under 18,No,None,Medium,No,Under Investigation,Break-in reported at a shop/office after closing hours.
KOL-5152,FIR/2025/374,West Bengal,Kolkata,Bhawanipore,22.532436,88.338346,Harassment,Verbal Abuse,2025-08-03,Sunday,Morning (7-11AM),No streetlight,Woman,26-35,Yes,None,Low,No,Case Closed,Complaint of abusive language directed at a woman in public.
KOL-5153,FIR/2025/922,West Bengal,Kolkata,Bhawanipore,22.529458,88.34135,Harassment,Public Indecency,2025-12-11,Thursday,Evening (4-8PM),Poorly-lit,Woman,51+,Yes,None,Medium,No,Under Investigation,Complaint of indecent exposure/behavior in a public space.
KOL-5154,FIR/2024/509,West Bengal,Kolkata,Bhawanipore,22.525252,88.348115,Theft,Pickpocketing,2024-02-20,Tuesday,Early Morning (4-7AM),Poorly-lit,Man,36-50,Yes,None,Low,Yes,Case Closed,Pickpocketing incident reported in a crowded market/transit area.
KOL-5155,FIR/2025/871,West Bengal,Kolkata,Bhawanipore,22.529082,88.349911,Assault,Physical Assault,2025-07-16,Wednesday,Morning (7-11AM),Poorly-lit,Woman,Under 18,No,Sharp object,Medium,Yes,Convicted,Physical altercation resulting in injury to victim.
KOL-5156,FIR/2024/609,West Bengal,Kolkata,Bhawanipore,22.52531,88.33863,Sexual Offence,Attempt to Sexual Assault,2024-06-21,Friday,Early Morning (4-7AM),Poorly-lit,Woman,18-25,Yes,None,High,Yes,Convicted,Attempted sexual assault reported and thwarted.
KOL-5157,FIR/2025/823,West Bengal,Kolkata,Bhawanipore,22.519317,88.351092,Assault,Acid Attack,2025-12-06,Saturday,Night (8PM-12AM),No streetlight,Woman,26-35,Yes,Acid,High,No,Acquitted,Reported acid attack case under investigation.
KOL-5158,FIR/2024/417,West Bengal,Kolkata,Gariahat,22.524752,88.366678,Robbery,Street Robbery,2024-07-14,Sunday,Afternoon (11AM-4PM),Poorly-lit,Woman,36-50,No,Blunt object,High,Yes,Acquitted,Forced snatching of valuables at knife/weapon point.
KOL-5159,FIR/2024/412,West Bengal,Kolkata,Gariahat,22.520256,88.361272,Sexual Offence,Molestation,2024-10-05,Saturday,Evening (4-8PM),Well-lit,Woman,26-35,Yes,None,High,Yes,Under Investigation,Reported case of outraging modesty of a woman.
KOL-5160,FIR/2024/883,West Bengal,Kolkata,Gariahat,22.510859,88.369106,Robbery,Street Robbery,2024-10-19,Saturday,Night (8PM-12AM),Well-lit,Not Specified,Under 18,No,Acid,High,No,Under Investigation,Forced snatching of valuables at knife/weapon point.
KOL-5161,FIR/2024/328,West Bengal,Kolkata,Gariahat,22.511477,88.365523,Murder,Homicide,2024-07-03,Wednesday,Night (8PM-12AM),Poorly-lit,Man,36-50,Yes,Knife,High,Yes,Under Investigation,Reported homicide case under investigation.
KOL-5162,FIR/2024/833,West Bengal,Kolkata,Gariahat,22.523067,88.366717,Murder,Homicide,2024-07-03,Wednesday,Late Night (12-4AM),Well-lit,Man,26-35,Yes,Acid,High,Yes,Convicted,Reported homicide case under investigation.
KOL-5163,FIR/2024/924,West Bengal,Kolkata,Gariahat,22.525015,88.361236,Robbery,Shop Robbery,2024-10-22,Tuesday,Evening (4-8PM),Well-lit,Woman,Under 18,Yes,Blunt object,High,Yes,Convicted,Armed robbery reported at a local shop/establishment.
KOL-5164,FIR/2025/214,West Bengal,Kolkata,Gariahat,22.517146,88.358659,Domestic Violence,Emotional/Verbal Domestic Abuse,2025-04-06,Sunday,Afternoon (11AM-4PM),Poorly-lit,Woman,18-25,Yes,None,Medium,Yes,Under Investigation,Reported emotional/verbal abuse within household.
KOL-5165,FIR/2024/107,West Bengal,Kolkata,Gariahat,22.516812,88.367805,Sexual Offence,Rape,2024-04-23,Tuesday,Evening (4-8PM),No streetlight,Woman,18-25,No,None,High,Yes,Acquitted,Reported sexual assault case under investigation.
KOL-5166,FIR/2024/206,West Bengal,Kolkata,Gariahat,22.520299,88.357756,Assault,Group Assault,2024-11-01,Friday,Early Morning (4-7AM),Well-lit,Woman,51+,No,Blunt object,High,Yes,Acquitted,Assault by multiple individuals reported by victim.
KOL-5167,FIR/2024/347,West Bengal,Kolkata,Gariahat,22.51103,88.365019,Assault,Acid Attack,2024-07-28,Sunday,Morning (7-11AM),No streetlight,Man,Under 18,Yes,Acid,High,Yes,Convicted,Reported acid attack case under investigation.
KOL-5168,FIR/2024/474,West Bengal,Kolkata,Gariahat,22.524976,88.370843,Burglary,Commercial Burglary,2024-10-06,Sunday,Late Night (12-4AM),Poorly-lit,Woman,36-50,No,None,Medium,Yes,Under Investigation,Break-in reported at a shop/office after closing hours.
KOL-5169,FIR/2024/152,West Bengal,Kolkata,Gariahat,22.523224,88.36297,Assault,Physical Assault,2024-10-07,Monday,Night (8PM-12AM),Poorly-lit,Not Specified,51+,Yes,Blunt object,Medium,No,Acquitted,Physical altercation resulting in injury to victim.
KOL-5170,FIR/2024/520,West Bengal,Kolkata,Gariahat,22.513056,88.35772,Domestic Violence,Emotional/Verbal Domestic Abuse,2024-09-29,Sunday,Night (8PM-12AM),Poorly-lit,Woman,36-50,Yes,None,Medium,Yes,Case Closed,Reported emotional/verbal abuse within household.
KOL-5171,FIR/2025/684,West Bengal,Kolkata,Gariahat,22.522437,88.373576,Kidnapping,Attempted Kidnapping,2025-03-31,Monday,Late Night (12-4AM),Well-lit,Man,18-25,Yes,None,High,Yes,Convicted,Attempted abduction thwarted by bystanders/victim.
KOL-5172,FIR/2024/491,West Bengal,Kolkata,Gariahat,22.526787,88.365091,Burglary,Residential Burglary,2024-02-15,Thursday,Early Morning (4-7AM),Poorly-lit,Man,18-25,No,None,Medium,Yes,Under Investigation,Break-in at a residence during night hours.
KOL-5173,FIR/2024/508,West Bengal,Kolkata,Gariahat,22.514639,88.367195,Burglary,Commercial Burglary,2024-03-03,Sunday,Afternoon (11AM-4PM),Poorly-lit,Man,51+,Yes,None,Medium,Yes,Convicted,Break-in reported at a shop/office after closing hours.
KOL-5174,FIR/2024/121,West Bengal,Kolkata,Sealdah,22.562218,88.370669,Harassment,Public Indecency,2024-04-04,Thursday,Early Morning (4-7AM),No streetlight,Woman,36-50,Yes,None,Medium,No,FIR Filed,Complaint of indecent exposure/behavior in a public space.
KOL-5175,FIR/2025/184,West Bengal,Kolkata,Sealdah,22.573202,88.37249,Domestic Violence,Emotional/Verbal Domestic Abuse,2025-01-25,Saturday,Late Night (12-4AM),Well-lit,Woman,18-25,Yes,None,Medium,Yes,Chargesheet Filed,Reported emotional/verbal abuse within household.
KOL-5176,FIR/2025/595,West Bengal,Kolkata,Sealdah,22.566939,88.364018,Assault,Group Assault,2025-03-29,Saturday,Late Night (12-4AM),No streetlight,Woman,18-25,Yes,Firearm,High,Yes,FIR Filed,Assault by multiple individuals reported by victim.
KOL-5177,FIR/2024/826,West Bengal,Kolkata,Sealdah,22.564182,88.37679,Assault,Physical Assault,2024-03-19,Tuesday,Late Night (12-4AM),Poorly-lit,Not Specified,36-50,Yes,None,Medium,No,Acquitted,Physical altercation resulting in injury to victim.
KOL-5178,FIR/2025/719,West Bengal,Kolkata,Sealdah,22.574612,88.375638,Sexual Offence,Rape,2025-01-18,Saturday,Early Morning (4-7AM),Poorly-lit,Woman,51+,Yes,None,High,Yes,Chargesheet Filed,Reported sexual assault case under investigation.
KOL-5179,FIR/2024/378,West Bengal,Kolkata,Sealdah,22.566688,88.371022,Robbery,Shop Robbery,2024-01-13,Saturday,Morning (7-11AM),No streetlight,Not Specified,51+,Yes,None,High,Yes,Chargesheet Filed,Armed robbery reported at a local shop/establishment.
KOL-5180,FIR/2025/651,West Bengal,Kolkata,Sealdah,22.572968,88.37725,Burglary,Commercial Burglary,2025-06-23,Monday,Late Night (12-4AM),Well-lit,Woman,51+,Yes,None,Medium,No,Under Investigation,Break-in reported at a shop/office after closing hours.
KOL-5181,FIR/2025/964,West Bengal,Kolkata,Sealdah,22.560173,88.364346,Domestic Violence,Emotional/Verbal Domestic Abuse,2025-06-06,Friday,Evening (4-8PM),Well-lit,Woman,26-35,Yes,None,Medium,No,Under Investigation,Reported emotional/verbal abuse within household.
KOL-5182,FIR/2025/204,West Bengal,Kolkata,Sealdah,22.576505,88.375711,Burglary,Residential Burglary,2025-03-02,Sunday,Evening (4-8PM),Poorly-lit,Man,51+,No,None,Medium,No,Under Investigation,Break-in at a residence during night hours.
KOL-5183,FIR/2025/562,West Bengal,Kolkata,Sealdah,22.56018,88.364152,Murder,Homicide,2025-05-22,Thursday,Morning (7-11AM),Well-lit,Woman,18-25,Yes,Blunt object,High,No,Under Investigation,Reported homicide case under investigation.
KOL-5184,FIR/2025/945,West Bengal,Kolkata,Howrah (Shibpur),22.585277,88.336772,Harassment,Cyberstalking,2025-02-03,Monday,Night (8PM-12AM),Well-lit,Woman,36-50,No,None,Medium,Yes,Under Investigation,Online harassment and unwanted contact reported by victim.
KOL-5185,FIR/2025/849,West Bengal,Kolkata,Howrah (Shibpur),22.580251,88.326433,Theft,Bag Snatching,2025-05-20,Tuesday,Morning (7-11AM),Poorly-lit,Woman,18-25,Yes,None,Medium,Yes,FIR Filed,Snatching of a handbag from a woman pedestrian.
KOL-5186,FIR/2024/952,West Bengal,Kolkata,Howrah (Shibpur),22.581175,88.330879,Domestic Violence,Emotional/Verbal Domestic Abuse,2024-01-22,Monday,Night (8PM-12AM),No streetlight,Woman,Under 18,Yes,None,Medium,No,Acquitted,Reported emotional/verbal abuse within household.
KOL-5187,FIR/2025/671,West Bengal,Kolkata,Howrah (Shibpur),22.585899,88.321675,Harassment,Verbal Abuse,2025-06-16,Monday,Late Night (12-4AM),Poorly-lit,Woman,36-50,No,None,Low,Yes,Acquitted,Complaint of abusive language directed at a woman in public.
KOL-5188,FIR/2025/566,West Bengal,Kolkata,Howrah (Shibpur),22.571653,88.322181,Murder,Homicide,2025-04-20,Sunday,Afternoon (11AM-4PM),Well-lit,Woman,26-35,No,Blunt object,High,No,Case Closed,Reported homicide case under investigation.
KOL-5189,FIR/2024/599,West Bengal,Kolkata,Howrah (Shibpur),22.587356,88.327344,Theft,Vehicle Theft,2024-08-13,Tuesday,Night (8PM-12AM),No streetlight,Not Specified,Under 18,No,None,Medium,No,Acquitted,Theft of a two-wheeler/car parked in the area.
KOL-5190,FIR/2025/958,West Bengal,Kolkata,Howrah (Shibpur),22.588288,88.322799,Kidnapping,Attempted Kidnapping,2025-01-01,Wednesday,Early Morning (4-7AM),Poorly-lit,Woman,36-50,No,None,High,Yes,Convicted,Attempted abduction thwarted by bystanders/victim.
KOL-5191,FIR/2025/863,West Bengal,Kolkata,Howrah (Shibpur),22.58858,88.323443,Domestic Violence,Dowry Harassment,2025-04-27,Sunday,Early Morning (4-7AM),No streetlight,Woman,18-25,Yes,None,High,Yes,Convicted,Complaint of harassment related to dowry demands.
KOL-5192,FIR/2025/610,West Bengal,Kolkata,Howrah (Shibpur),22.57732,88.331514,Burglary,Commercial Burglary,2025-05-31,Saturday,Evening (4-8PM),No streetlight,Man,51+,No,None,Medium,Yes,Chargesheet Filed,Break-in reported at a shop/office after closing hours.
KOL-5193,FIR/2025/173,West Bengal,Kolkata,Howrah (Shibpur),22.585848,88.32312,Harassment,Public Indecency,2025-10-30,Thursday,Late Night (12-4AM),Well-lit,Woman,51+,Yes,None,Medium,No,Acquitted,Complaint of indecent exposure/behavior in a public space.
KOL-5194,FIR/2025/928,West Bengal,Kolkata,Howrah (Shibpur),22.581106,88.331892,Kidnapping,Attempted Kidnapping,2025-09-19,Friday,Early Morning (4-7AM),No streetlight,Not Specified,51+,No,None,High,Yes,Acquitted,Attempted abduction thwarted by bystanders/victim.
KOL-5195,FIR/2024/480,West Bengal,Kolkata,Howrah (Shibpur),22.579159,88.336575,Kidnapping,Abduction,2024-03-08,Friday,Afternoon (11AM-4PM),No streetlight,Woman,Under 18,Yes,None,High,Yes,Acquitted,Reported abduction case under active investigation.
KOL-5196,FIR/2024/378,West Bengal,Kolkata,Howrah (Shibpur),22.572274,88.326459,Domestic Violence,Emotional/Verbal Domestic Abuse,2024-10-13,Sunday,Morning (7-11AM),No streetlight,Woman,18-25,Yes,None,Medium,No,FIR Filed,Reported emotional/verbal abuse within household.
KOL-5197,FIR/2024/990,West Bengal,Kolkata,Howrah (Shibpur),22.571961,88.32314,Harassment,Stalking,2024-08-04,Sunday,Night (8PM-12AM),Well-lit,Woman,51+,Yes,None,Medium,Yes,Under Investigation,Repeated unwanted following/monitoring of a woman reported by victim.
KOL-5198,FIR/2024/401,West Bengal,Kolkata,Howrah (Shibpur),22.581608,88.329352,Harassment,Verbal Abuse,2024-05-15,Wednesday,Evening (4-8PM),Well-lit,Woman,18-25,No,None,Low,Yes,Chargesheet Filed,Complaint of abusive language directed at a woman in public.
KOL-5199,FIR/2025/614,West Bengal,Kolkata,Howrah (Shibpur),22.583893,88.325918,Kidnapping,Attempted Kidnapping,2025-05-27,Tuesday,Night (8PM-12AM),No streetlight,Woman,26-35,Yes,None,High,Yes,Case Closed,Attempted abduction thwarted by bystanders/victim.
KOL-5200,FIR/2025/528,West Bengal,Kolkata,Dum Dum,22.638475,88.411012,Harassment,Stalking,2025-11-07,Friday,Early Morning (4-7AM),Poorly-lit,Woman,18-25,Yes,None,Medium,Yes,Convicted,Repeated unwanted following/monitoring of a woman reported by victim.
KOL-5201,FIR/2024/550,West Bengal,Kolkata,Dum Dum,22.647385,88.413602,Sexual Offence,Rape,2024-04-21,Sunday,Evening (4-8PM),Well-lit,Woman,51+,Yes,None,High,No,FIR Filed,Reported sexual assault case under investigation.
KOL-5202,FIR/2025/103,West Bengal,Kolkata,Dum Dum,22.644502,88.418187,Burglary,Residential Burglary,2025-09-11,Thursday,Morning (7-11AM),Poorly-lit,Woman,36-50,No,None,Medium,Yes,Chargesheet Filed,Break-in at a residence during night hours.
KOL-5203,FIR/2025/187,West Bengal,Kolkata,Dum Dum,22.64942,88.420745,Kidnapping,Attempted Kidnapping,2025-06-08,Sunday,Evening (4-8PM),Well-lit,Man,18-25,No,None,High,No,Under Investigation,Attempted abduction thwarted by bystanders/victim.
KOL-5204,FIR/2024/490,West Bengal,Kolkata,Dum Dum,22.636216,88.418306,Harassment,Workplace Harassment,2024-05-15,Wednesday,Afternoon (11AM-4PM),Poorly-lit,Woman,18-25,No,None,Medium,Yes,Case Closed,Sexual harassment complaint filed against a colleague/superior.
KOL-5205,FIR/2025/643,West Bengal,Kolkata,Dum Dum,22.639928,88.426029,Murder,Homicide,2025-06-04,Wednesday,Late Night (12-4AM),No streetlight,Man,18-25,Yes,None,High,No,Case Closed,Reported homicide case under investigation.
KOL-5206,FIR/2025/797,West Bengal,Kolkata,Dum Dum,22.643886,88.41836,Robbery,Shop Robbery,2025-01-04,Saturday,Night (8PM-12AM),Well-lit,Man,51+,Yes,Sharp object,High,Yes,Under Investigation,Armed robbery reported at a local shop/establishment.
KOL-5207,FIR/2025/659,West Bengal,Kolkata,Dum Dum,22.63334,88.424871,Burglary,Commercial Burglary,2025-10-12,Sunday,Night (8PM-12AM),No streetlight,Woman,51+,Yes,None,Medium,Yes,FIR Filed,Break-in reported at a shop/office after closing hours.
KOL-5208,FIR/2024/191,West Bengal,Kolkata,Dum Dum,22.648337,88.411669,Domestic Violence,Dowry Harassment,2024-01-06,Saturday,Morning (7-11AM),Well-lit,Woman,51+,Yes,None,High,Yes,Under Investigation,Complaint of harassment related to dowry demands.
KOL-5209,FIR/2024/948,West Bengal,Kolkata,Dum Dum,22.64468,88.426988,Harassment,Verbal Abuse,2024-12-28,Saturday,Morning (7-11AM),Well-lit,Woman,51+,No,None,Low,No,Acquitted,Complaint of abusive language directed at a woman in public.
KOL-5210,FIR/2025/569,West Bengal,Kolkata,Dum Dum,22.639426,88.42369,Kidnapping,Abduction,2025-02-01,Saturday,Night (8PM-12AM),No streetlight,Man,51+,Yes,None,High,No,Under Investigation,Reported abduction case under active investigation.
KOL-5211,FIR/2024/889,West Bengal,Kolkata,Dum Dum,22.647069,88.416995,Burglary,Commercial Burglary,2024-10-01,Tuesday,Afternoon (11AM-4PM),No streetlight,Woman,18-25,Yes,None,Medium,Yes,Acquitted,Break-in reported at a shop/office after closing hours.
KOL-5212,FIR/2025/644,West Bengal,Kolkata,Dum Dum,22.635387,88.42311,Burglary,Commercial Burglary,2025-09-15,Monday,Late Night (12-4AM),Well-lit,Not Specified,Under 18,Yes,None,Medium,No,Case Closed,Break-in reported at a shop/office after closing hours.
KOL-5213,FIR/2025/948,West Bengal,Kolkata,Dum Dum,22.633246,88.42032,Theft,Mobile Theft,2025-10-23,Thursday,Late Night (12-4AM),Well-lit,Not Specified,36-50,Yes,None,Low,Yes,Case Closed,Theft of mobile phone from a passerby or commuter.
KOL-5214,FIR/2025/971,West Bengal,Kolkata,Dum Dum,22.640866,88.420851,Sexual Offence,Attempt to Sexual Assault,2025-02-27,Thursday,Night (8PM-12AM),Well-lit,Woman,36-50,No,None,High,No,Under Investigation,Attempted sexual assault reported and thwarted.
KOL-5215,FIR/2025/809,West Bengal,Kolkata,Dum Dum,22.6336,88.417961,Sexual Offence,Attempt to Sexual Assault,2025-05-03,Saturday,Afternoon (11AM-4PM),Well-lit,Woman,26-35,Yes,None,High,No,Case Closed,Attempted sexual assault reported and thwarted.
KOL-5216,FIR/2024/487,West Bengal,Kolkata,Baranagar,22.644005,88.367213,Murder,Homicide,2024-01-25,Thursday,Night (8PM-12AM),No streetlight,Man,36-50,No,Knife,High,Yes,FIR Filed,Reported homicide case under investigation.
KOL-5217,FIR/2025/754,West Bengal,Kolkata,Baranagar,22.645555,88.365412,Burglary,Residential Burglary,2025-03-22,Saturday,Night (8PM-12AM),No streetlight,Man,18-25,No,None,Medium,Yes,Convicted,Break-in at a residence during night hours.
KOL-5218,FIR/2024/827,West Bengal,Kolkata,Baranagar,22.646172,88.3773,Burglary,Residential Burglary,2024-03-23,Saturday,Early Morning (4-7AM),Poorly-lit,Man,36-50,Yes,None,Medium,No,FIR Filed,Break-in at a residence during night hours.
KOL-5219,FIR/2025/226,West Bengal,Kolkata,Baranagar,22.635655,88.374271,Burglary,Commercial Burglary,2025-07-20,Sunday,Early Morning (4-7AM),Well-lit,Man,Under 18,No,None,Medium,Yes,Chargesheet Filed,Break-in reported at a shop/office after closing hours.
KOL-5220,FIR/2025/493,West Bengal,Kolkata,Baranagar,22.63718,88.375616,Domestic Violence,Dowry Harassment,2025-01-25,Saturday,Night (8PM-12AM),Well-lit,Woman,Under 18,Yes,None,High,Yes,Case Closed,Complaint of harassment related to dowry demands.
KOL-5221,FIR/2025/357,West Bengal,Kolkata,Baranagar,22.641625,88.378852,Assault,Group Assault,2025-04-18,Friday,Night (8PM-12AM),Poorly-lit,Woman,36-50,Yes,Blunt object,High,No,Case Closed,Assault by multiple individuals reported by victim.
KOL-5222,FIR/2024/793,West Bengal,Kolkata,Baranagar,22.635073,88.377998,Theft,House Theft,2024-12-20,Friday,Night (8PM-12AM),No streetlight,Woman,26-35,Yes,None,Medium,No,Under Investigation,Theft of valuables from a residence during owner's absence.
KOL-5223,FIR/2025/437,West Bengal,Kolkata,Baranagar,22.63713,88.362577,Sexual Offence,Molestation,2025-02-09,Sunday,Night (8PM-12AM),No streetlight,Woman,36-50,Yes,None,High,Yes,Convicted,Reported case of outraging modesty of a woman.
KOL-5224,FIR/2024/472,West Bengal,Kolkata,Baranagar,22.63532,88.362734,Domestic Violence,Physical Domestic Abuse,2024-12-19,Thursday,Night (8PM-12AM),Poorly-lit,Woman,26-35,Yes,None,High,No,Acquitted,Reported physical abuse within a domestic setting.
KOL-5225,FIR/2025/450,West Bengal,Kolkata,Baranagar,22.644658,88.363011,Harassment,Eve Teasing,2025-07-07,Monday,Night (8PM-12AM),No streetlight,Woman,18-25,Yes,None,Low,No,FIR Filed,Verbal harassment of a woman commuter near a public transport stop.
KOL-5226,FIR/2025/573,West Bengal,Kolkata,Shyambazar,22.59792,88.367304,Murder,Homicide,2025-11-30,Sunday,Evening (4-8PM),No streetlight,Not Specified,18-25,Yes,Firearm,High,Yes,Chargesheet Filed,Reported homicide case under investigation.
KOL-5227,FIR/2025/576,West Bengal,Kolkata,Shyambazar,22.591948,88.369228,Kidnapping,Abduction,2025-06-27,Friday,Evening (4-8PM),Well-lit,Man,Under 18,Yes,None,High,No,Case Closed,Reported abduction case under active investigation.
KOL-5228,FIR/2024/453,West Bengal,Kolkata,Shyambazar,22.601857,88.377871,Assault,Acid Attack,2024-08-14,Wednesday,Morning (7-11AM),Well-lit,Woman,18-25,Yes,Firearm,High,No,Under Investigation,Reported acid attack case under investigation.
KOL-5229,FIR/2024/722,West Bengal,Kolkata,Shyambazar,22.606238,88.375445,Theft,Mobile Theft,2024-07-25,Thursday,Night (8PM-12AM),Well-lit,Not Specified,Under 18,No,None,Low,Yes,Acquitted,Theft of mobile phone from a passerby or commuter.
KOL-5230,FIR/2025/543,West Bengal,Kolkata,Shyambazar,22.605254,88.368634,Murder,Homicide,2025-04-08,Tuesday,Afternoon (11AM-4PM),No streetlight,Woman,51+,No,Blunt object,High,No,Acquitted,Reported homicide case under investigation.
KOL-5231,FIR/2024/228,West Bengal,Kolkata,Shyambazar,22.595255,88.367545,Sexual Offence,Molestation,2024-10-05,Saturday,Early Morning (4-7AM),Poorly-lit,Woman,36-50,Yes,None,High,Yes,Convicted,Reported case of outraging modesty of a woman.
KOL-5232,FIR/2024/309,West Bengal,Kolkata,Shyambazar,22.60381,88.377722,Kidnapping,Abduction,2024-01-09,Tuesday,Afternoon (11AM-4PM),Poorly-lit,Man,36-50,Yes,None,High,No,Case Closed,Reported abduction case under active investigation.
KOL-5233,FIR/2024/494,West Bengal,Kolkata,Shyambazar,22.60474,88.37738,Murder,Homicide,2024-12-13,Friday,Afternoon (11AM-4PM),Well-lit,Man,51+,Yes,Acid,High,No,Acquitted,Reported homicide case under investigation.
KOL-5234,FIR/2025/185,West Bengal,Kolkata,Shyambazar,22.606085,88.378426,Murder,Homicide,2025-06-06,Friday,Late Night (12-4AM),Well-lit,Man,51+,Yes,Firearm,High,Yes,Case Closed,Reported homicide case under investigation.
KOL-5235,FIR/2024/243,West Bengal,Kolkata,Shyambazar,22.604474,88.375221,Harassment,Stalking,2024-01-19,Friday,Late Night (12-4AM),Well-lit,Woman,51+,No,None,Medium,Yes,Under Investigation,Repeated unwanted following/monitoring of a woman reported by victim.
KOL-5236,FIR/2024/526,West Bengal,Kolkata,Shyambazar,22.602871,88.369207,Theft,Bag Snatching,2024-04-05,Friday,Evening (4-8PM),Well-lit,Woman,18-25,Yes,None,Medium,Yes,Chargesheet Filed,Snatching of a handbag from a woman pedestrian.
KOL-5237,FIR/2024/904,West Bengal,Kolkata,Shyambazar,22.602009,88.371605,Assault,Group Assault,2024-07-21,Sunday,Afternoon (11AM-4PM),Well-lit,Man,18-25,No,Blunt object,High,No,Case Closed,Assault by multiple individuals reported by victim.
KOL-5238,FIR/2025/525,West Bengal,Kolkata,Kasba,22.515743,88.378248,Sexual Offence,Rape,2025-03-31,Monday,Late Night (12-4AM),Well-lit,Woman,18-25,Yes,None,High,No,FIR Filed,Reported sexual assault case under investigation.
KOL-5239,FIR/2024/545,West Bengal,Kolkata,Kasba,22.509069,88.372937,Assault,Physical Assault,2024-03-21,Thursday,Afternoon (11AM-4PM),Poorly-lit,Man,26-35,Yes,None,Medium,Yes,Convicted,Physical altercation resulting in injury to victim.
KOL-5240,FIR/2025/876,West Bengal,Kolkata,Kasba,22.508342,88.384802,Domestic Violence,Emotional/Verbal Domestic Abuse,2025-07-17,Thursday,Morning (7-11AM),Poorly-lit,Woman,Under 18,Yes,None,Medium,No,Under Investigation,Reported emotional/verbal abuse within household.
KOL-5241,FIR/2025/791,West Bengal,Kolkata,Kasba,22.506051,88.387702,Theft,Pickpocketing,2025-10-03,Friday,Afternoon (11AM-4PM),Well-lit,Man,36-50,Yes,None,Low,Yes,Acquitted,Pickpocketing incident reported in a crowded market/transit area.
KOL-5242,FIR/2025/586,West Bengal,Kolkata,Kasba,22.514168,88.378325,Assault,Physical Assault,2025-01-27,Monday,Late Night (12-4AM),Poorly-lit,Man,26-35,Yes,Sharp object,Medium,Yes,FIR Filed,Physical altercation resulting in injury to victim.
KOL-5243,FIR/2024/968,West Bengal,Kolkata,Kasba,22.51788,88.387516,Harassment,Eve Teasing,2024-02-08,Thursday,Night (8PM-12AM),Well-lit,Woman,26-35,No,None,Low,Yes,Chargesheet Filed,Verbal harassment of a woman commuter near a public transport stop.
KOL-5244,FIR/2024/322,West Bengal,Kolkata,Kasba,22.514652,88.374673,Sexual Offence,Rape,2024-02-22,Thursday,Evening (4-8PM),No streetlight,Woman,Under 18,No,None,High,No,FIR Filed,Reported sexual assault case under investigation.
KOL-5245,FIR/2024/860,West Bengal,Kolkata,Kasba,22.511144,88.374775,Murder,Homicide,2024-08-02,Friday,Afternoon (11AM-4PM),Well-lit,Man,Under 18,Yes,Acid,High,Yes,Convicted,Reported homicide case under investigation.
KOL-5246,FIR/2024/207,West Bengal,Kolkata,Kasba,22.511187,88.378763,Harassment,Verbal Abuse,2024-09-24,Tuesday,Afternoon (11AM-4PM),Well-lit,Woman,Under 18,Yes,None,Low,Yes,Convicted,Complaint of abusive language directed at a woman in public.
KOL-5247,FIR/2025/384,West Bengal,Kolkata,Kasba,22.517582,88.383019,Burglary,Commercial Burglary,2025-01-09,Thursday,Night (8PM-12AM),No streetlight,Man,26-35,No,None,Medium,Yes,Acquitted,Break-in reported at a shop/office after closing hours.
KOL-5248,FIR/2025/742,West Bengal,Kolkata,Kasba,22.509715,88.374926,Domestic Violence,Dowry Harassment,2025-04-12,Saturday,Night (8PM-12AM),Poorly-lit,Woman,18-25,Yes,None,High,Yes,Chargesheet Filed,Complaint of harassment related to dowry demands.
KOL-5249,FIR/2024/880,West Bengal,Kolkata,Kasba,22.516523,88.385871,Theft,House Theft,2024-08-14,Wednesday,Late Night (12-4AM),No streetlight,Man,18-25,No,None,Medium,No,Acquitted,Theft of valuables from a residence during owner's absence.
KOL-5250,FIR/2025/826,West Bengal,Kolkata,Kasba,22.512063,88.387227,Kidnapping,Attempted Kidnapping,2025-03-22,Saturday,Late Night (12-4AM),Poorly-lit,Woman,51+,Yes,None,High,Yes,Convicted,Attempted abduction thwarted by bystanders/victim.
KOL-5251,FIR/2024/148,West Bengal,Kolkata,Kasba,22.512198,88.386662,Harassment,Public Indecency,2024-08-08,Thursday,Early Morning (4-7AM),Poorly-lit,Woman,Under 18,Yes,None,Medium,Yes,Convicted,Complaint of indecent exposure/behavior in a public space.
KOL-5252,FIR/2025/971,West Bengal,Kolkata,Entally,22.55776,88.373293,Murder,Homicide,2025-09-09,Tuesday,Night (8PM-12AM),Poorly-lit,Man,51+,Yes,Blunt object,High,Yes,Under Investigation,Reported homicide case under investigation.
KOL-5253,FIR/2025/228,West Bengal,Kolkata,Entally,22.561097,88.371072,Robbery,Street Robbery,2025-11-19,Wednesday,Morning (7-11AM),No streetlight,Man,51+,No,Firearm,High,No,Under Investigation,Forced snatching of valuables at knife/weapon point.
KOL-5254,FIR/2025/932,West Bengal,Kolkata,Entally,22.555947,88.366038,Robbery,Shop Robbery,2025-03-22,Saturday,Late Night (12-4AM),Well-lit,Man,Under 18,No,Firearm,High,No,FIR Filed,Armed robbery reported at a local shop/establishment.
KOL-5255,FIR/2024/411,West Bengal,Kolkata,Entally,22.559275,88.379588,Domestic Violence,Dowry Harassment,2024-08-28,Wednesday,Evening (4-8PM),No streetlight,Woman,Under 18,Yes,None,High,No,Under Investigation,Complaint of harassment related to dowry demands.
KOL-5256,FIR/2025/102,West Bengal,Kolkata,Entally,22.562896,88.368958,Theft,Vehicle Theft,2025-07-22,Tuesday,Early Morning (4-7AM),No streetlight,Man,Under 18,No,None,Medium,Yes,Convicted,Theft of a two-wheeler/car parked in the area.
KOL-5257,FIR/2024/139,West Bengal,Kolkata,Entally,22.55618,88.377976,Murder,Homicide,2024-02-13,Tuesday,Early Morning (4-7AM),Well-lit,Woman,Under 18,No,Acid,High,Yes,Under Investigation,Reported homicide case under investigation.
KOL-5258,FIR/2024/209,West Bengal,Kolkata,Entally,22.555034,88.372403,Burglary,Residential Burglary,2024-05-06,Monday,Early Morning (4-7AM),Well-lit,Woman,26-35,Yes,None,Medium,No,FIR Filed,Break-in at a residence during night hours.
KOL-5259,FIR/2024/474,West Bengal,Kolkata,Entally,22.554074,88.368016,Assault,Group Assault,2024-11-30,Saturday,Afternoon (11AM-4PM),No streetlight,Woman,36-50,Yes,Blunt object,High,Yes,FIR Filed,Assault by multiple individuals reported by victim.
KOL-5260,FIR/2024/835,West Bengal,Kolkata,Entally,22.559928,88.374898,Assault,Acid Attack,2024-10-19,Saturday,Evening (4-8PM),Poorly-lit,Not Specified,36-50,Yes,Knife,High,Yes,Convicted,Reported acid attack case under investigation.
KOL-5261,FIR/2025/845,West Bengal,Kolkata,Entally,22.561667,88.369952,Theft,Pickpocketing,2025-02-23,Sunday,Afternoon (11AM-4PM),No streetlight,Man,51+,No,None,Low,Yes,Under Investigation,Pickpocketing incident reported in a crowded market/transit area.
KOL-5262,FIR/2024/899,West Bengal,Kolkata,Entally,22.554864,88.369578,Assault,Acid Attack,2024-12-14,Saturday,Early Morning (4-7AM),Well-lit,Man,51+,No,Acid,High,Yes,FIR Filed,Reported acid attack case under investigation.
KOL-5263,FIR/2024/165,West Bengal,Kolkata,Entally,22.554503,88.37691,Burglary,Commercial Burglary,2024-11-06,Wednesday,Night (8PM-12AM),No streetlight,Not Specified,26-35,Yes,None,Medium,Yes,Convicted,Break-in reported at a shop/office after closing hours.
KOL-5264,FIR/2024/207,West Bengal,Kolkata,Beleghata,22.556122,88.382367,Assault,Physical Assault,2024-04-30,Tuesday,Night (8PM-12AM),Well-lit,Not Specified,18-25,No,Acid,Medium,No,Acquitted,Physical altercation resulting in injury to victim.
KOL-5265,FIR/2025/668,West Bengal,Kolkata,Beleghata,22.566671,88.385043,Harassment,Stalking,2025-12-16,Tuesday,Evening (4-8PM),Poorly-lit,Woman,Under 18,Yes,None,Medium,No,Under Investigation,Repeated unwanted following/monitoring of a woman reported by victim.
KOL-5266,FIR/2024/271,West Bengal,Kolkata,Beleghata,22.563481,88.385178,Sexual Offence,Attempt to Sexual Assault,2024-02-27,Tuesday,Afternoon (11AM-4PM),Poorly-lit,Woman,18-25,Yes,None,High,Yes,Convicted,Attempted sexual assault reported and thwarted.
KOL-5267,FIR/2024/465,West Bengal,Kolkata,Beleghata,22.56396,88.392015,Murder,Homicide,2024-09-27,Friday,Late Night (12-4AM),No streetlight,Not Specified,36-50,No,Firearm,High,Yes,Case Closed,Reported homicide case under investigation.
KOL-5268,FIR/2024/640,West Bengal,Kolkata,Beleghata,22.552382,88.383216,Kidnapping,Attempted Kidnapping,2024-08-12,Monday,Evening (4-8PM),No streetlight,Not Specified,26-35,No,None,High,Yes,Chargesheet Filed,Attempted abduction thwarted by bystanders/victim.
KOL-5269,FIR/2025/529,West Bengal,Kolkata,Beleghata,22.549447,88.38194,Kidnapping,Abduction,2025-12-05,Friday,Late Night (12-4AM),No streetlight,Woman,26-35,No,None,High,Yes,FIR Filed,Reported abduction case under active investigation.
KOL-5270,FIR/2024/888,West Bengal,Kolkata,Beleghata,22.558416,88.39147,Murder,Homicide,2024-03-03,Sunday,Evening (4-8PM),No streetlight,Woman,51+,No,None,High,Yes,FIR Filed,Reported homicide case under investigation.
KOL-5271,FIR/2025/321,West Bengal,Kolkata,Beleghata,22.564694,88.38085,Harassment,Eve Teasing,2025-01-30,Thursday,Late Night (12-4AM),Poorly-lit,Woman,51+,No,None,Low,Yes,Acquitted,Verbal harassment of a woman commuter near a public transport stop.
KOL-5272,FIR/2024/747,West Bengal,Kolkata,Beleghata,22.562828,88.388372,Burglary,Residential Burglary,2024-05-01,Wednesday,Night (8PM-12AM),No streetlight,Not Specified,26-35,No,None,Medium,Yes,Convicted,Break-in at a residence during night hours.
KOL-5273,FIR/2024/392,West Bengal,Kolkata,Beleghata,22.565966,88.395236,Assault,Physical Assault,2024-02-09,Friday,Early Morning (4-7AM),Well-lit,Man,Under 18,Yes,Sharp object,Medium,Yes,Under Investigation,Physical altercation resulting in injury to victim.
KOL-5274,FIR/2024/327,West Bengal,Kolkata,Manicktala,22.57322,88.372017,Kidnapping,Abduction,2024-08-26,Monday,Late Night (12-4AM),Poorly-lit,Man,18-25,No,None,High,Yes,Under Investigation,Reported abduction case under active investigation.
KOL-5275,FIR/2025/983,West Bengal,Kolkata,Manicktala,22.579864,88.375667,Domestic Violence,Dowry Harassment,2025-11-20,Thursday,Morning (7-11AM),Well-lit,Woman,Under 18,Yes,None,High,No,FIR Filed,Complaint of harassment related to dowry demands.
KOL-5276,FIR/2024/196,West Bengal,Kolkata,Manicktala,22.589653,88.376292,Theft,Bag Snatching,2024-11-09,Saturday,Morning (7-11AM),Poorly-lit,Man,18-25,Yes,None,Medium,Yes,Chargesheet Filed,Snatching of a handbag from a woman pedestrian.
KOL-5277,FIR/2024/676,West Bengal,Kolkata,Manicktala,22.572661,88.37672,Murder,Homicide,2024-04-30,Tuesday,Night (8PM-12AM),Poorly-lit,Man,36-50,Yes,Firearm,High,No,FIR Filed,Reported homicide case under investigation.
KOL-5278,FIR/2025/966,West Bengal,Kolkata,Manicktala,22.576585,88.367653,Harassment,Stalking,2025-10-21,Tuesday,Afternoon (11AM-4PM),Well-lit,Woman,51+,Yes,None,Medium,Yes,Acquitted,Repeated unwanted following/monitoring of a woman reported by victim.
KOL-5279,FIR/2025/949,West Bengal,Kolkata,Manicktala,22.583456,88.378551,Harassment,Cyberstalking,2025-12-27,Saturday,Late Night (12-4AM),No streetlight,Woman,36-50,No,None,Medium,Yes,Chargesheet Filed,Online harassment and unwanted contact reported by victim.
KOL-5280,FIR/2024/377,West Bengal,Kolkata,Manicktala,22.577106,88.375265,Assault,Acid Attack,2024-11-27,Wednesday,Late Night (12-4AM),Poorly-lit,Man,26-35,No,Sharp object,High,Yes,Chargesheet Filed,Reported acid attack case under investigation.
KOL-5281,FIR/2024/579,West Bengal,Kolkata,Manicktala,22.590056,88.38257,Murder,Homicide,2024-09-26,Thursday,Morning (7-11AM),Poorly-lit,Woman,26-35,Yes,Knife,High,No,Case Closed,Reported homicide case under investigation.
KOL-5282,FIR/2024/920,West Bengal,Kolkata,Manicktala,22.58302,88.369067,Theft,Pickpocketing,2024-11-19,Tuesday,Early Morning (4-7AM),Well-lit,Woman,Under 18,No,None,Low,Yes,Chargesheet Filed,Pickpocketing incident reported in a crowded market/transit area.
KOL-5283,FIR/2025/827,West Bengal,Kolkata,Manicktala,22.588256,88.373122,Assault,Acid Attack,2025-08-11,Monday,Late Night (12-4AM),Well-lit,Not Specified,18-25,Yes,Knife,High,Yes,Chargesheet Filed,Reported acid attack case under investigation.
KOL-5284,FIR/2025/892,West Bengal,Kolkata,Manicktala,22.573175,88.378891,Domestic Violence,Physical Domestic Abuse,2025-08-04,Monday,Night (8PM-12AM),Well-lit,Woman,26-35,Yes,None,High,No,FIR Filed,Reported physical abuse within a domestic setting.
KOL-5285,FIR/2025/619,West Bengal,Kolkata,Manicktala,22.583945,88.371528,Sexual Offence,Rape,2025-03-17,Monday,Morning (7-11AM),No streetlight,Woman,51+,Yes,None,High,Yes,Acquitted,Reported sexual assault case under investigation.
KOL-5286,FIR/2024/194,West Bengal,Kolkata,Manicktala,22.585977,88.365106,Domestic Violence,Emotional/Verbal Domestic Abuse,2024-09-11,Wednesday,Night (8PM-12AM),Well-lit,Woman,26-35,Yes,None,Medium,Yes,Chargesheet Filed,Reported emotional/verbal abuse within household.
KOL-5287,FIR/2025/314,West Bengal,Kolkata,Cossipore,22.612174,88.369312,Kidnapping,Attempted Kidnapping,2025-08-10,Sunday,Late Night (12-4AM),Poorly-lit,Woman,26-35,Yes,None,High,Yes,Convicted,Attempted abduction thwarted by bystanders/victim.
KOL-5288,FIR/2025/394,West Bengal,Kolkata,Cossipore,22.609959,88.378369,Robbery,ATM Robbery,2025-01-25,Saturday,Night (8PM-12AM),Well-lit,Not Specified,36-50,No,Blunt object,High,No,Case Closed,Robbery attempt reported near an ATM kiosk.
KOL-5289,FIR/2025/962,West Bengal,Kolkata,Cossipore,22.611373,88.378078,Sexual Offence,Rape,2025-06-19,Thursday,Afternoon (11AM-4PM),No streetlight,Woman,Under 18,No,None,High,Yes,Chargesheet Filed,Reported sexual assault case under investigation.
KOL-5290,FIR/2024/156,West Bengal,Kolkata,Cossipore,22.621175,88.36752,Robbery,Shop Robbery,2024-09-12,Thursday,Evening (4-8PM),No streetlight,Man,36-50,No,Firearm,High,Yes,Acquitted,Armed robbery reported at a local shop/establishment.
KOL-5291,FIR/2025/506,West Bengal,Kolkata,Cossipore,22.619588,88.371934,Kidnapping,Abduction,2025-10-28,Tuesday,Evening (4-8PM),Poorly-lit,Woman,18-25,Yes,None,High,Yes,Acquitted,Reported abduction case under active investigation.
KOL-5292,FIR/2025/477,West Bengal,Kolkata,Cossipore,22.607401,88.365162,Theft,House Theft,2025-12-16,Tuesday,Early Morning (4-7AM),Well-lit,Woman,Under 18,Yes,None,Medium,Yes,Chargesheet Filed,Theft of valuables from a residence during owner's absence.
KOL-5293,FIR/2025/236,West Bengal,Kolkata,Cossipore,22.623893,88.367319,Burglary,Residential Burglary,2025-05-26,Monday,Evening (4-8PM),No streetlight,Woman,51+,No,None,Medium,Yes,Convicted,Break-in at a residence during night hours.
KOL-5294,FIR/2025/532,West Bengal,Kolkata,Cossipore,22.618735,88.372883,Harassment,Workplace Harassment,2025-05-26,Monday,Late Night (12-4AM),No streetlight,Woman,18-25,Yes,None,Medium,No,Under Investigation,Sexual harassment complaint filed against a colleague/superior.
KOL-5295,FIR/2025/760,West Bengal,Kolkata,Cossipore,22.620773,88.370762,Sexual Offence,Molestation,2025-12-25,Thursday,Night (8PM-12AM),Poorly-lit,Woman,18-25,Yes,None,High,Yes,Convicted,Reported case of outraging modesty of a woman.
KOL-5296,FIR/2025/240,West Bengal,Kolkata,Cossipore,22.610807,88.372258,Harassment,Public Indecency,2025-05-28,Wednesday,Late Night (12-4AM),No streetlight,Woman,Under 18,Yes,None,Medium,No,Case Closed,Complaint of indecent exposure/behavior in a public space.
KOL-5297,FIR/2025/678,West Bengal,Kolkata,Cossipore,22.618008,88.36975,Kidnapping,Attempted Kidnapping,2025-10-30,Thursday,Night (8PM-12AM),No streetlight,Man,51+,Yes,None,High,Yes,Case Closed,Attempted abduction thwarted by bystanders/victim.
KOL-5298,FIR/2025/279,West Bengal,Kolkata,Cossipore,22.611334,88.368493,Theft,House Theft,2025-06-06,Friday,Early Morning (4-7AM),Poorly-lit,Not Specified,36-50,Yes,None,Medium,No,Case Closed,Theft of valuables from a residence during owner's absence.
KOL-5299,FIR/2025/962,West Bengal,Kolkata,Cossipore,22.613824,88.371272,Harassment,Cyberstalking,2025-04-21,Monday,Late Night (12-4AM),Poorly-lit,Woman,Under 18,No,None,Medium,No,Case Closed,Online harassment and unwanted contact reported by victim.
KOL-5300,FIR/2025/460,West Bengal,Kolkata,Cossipore,22.612665,88.36531,Sexual Offence,Molestation,2025-11-16,Sunday,Night (8PM-12AM),No streetlight,Woman,51+,Yes,None,High,Yes,Convicted,Reported case of outraging modesty of a woman.
KOL-5301,FIR/2025/757,West Bengal,Kolkata,Cossipore,22.614391,88.374261,Murder,Homicide,2025-03-26,Wednesday,Early Morning (4-7AM),No streetlight,Man,26-35,No,Blunt object,High,Yes,Convicted,Reported homicide case under investigation.
KOL-5302,FIR/2025/113,West Bengal,Kolkata,Topsia,22.543189,88.393005,Burglary,Residential Burglary,2025-07-15,Tuesday,Evening (4-8PM),No streetlight,Man,18-25,Yes,None,Medium,Yes,Chargesheet Filed,Break-in at a residence during night hours.
KOL-5303,FIR/2025/211,West Bengal,Kolkata,Topsia,22.547211,88.389608,Theft,Chain Snatching,2025-10-06,Monday,Early Morning (4-7AM),No streetlight,Man,51+,Yes,None,Medium,Yes,Chargesheet Filed,Snatching of gold chain/jewelry from a pedestrian.
KOL-5304,FIR/2025/157,West Bengal,Kolkata,Topsia,22.54594,88.394527,Theft,Pickpocketing,2025-12-02,Tuesday,Evening (4-8PM),No streetlight,Man,26-35,Yes,None,Low,Yes,Chargesheet Filed,Pickpocketing incident reported in a crowded market/transit area.
KOL-5305,FIR/2025/300,West Bengal,Kolkata,Topsia,22.541878,88.39296,Murder,Homicide,2025-03-20,Thursday,Late Night (12-4AM),Well-lit,Woman,51+,Yes,Blunt object,High,No,Under Investigation,Reported homicide case under investigation.
KOL-5306,FIR/2024/155,West Bengal,Kolkata,Topsia,22.532139,88.387314,Domestic Violence,Physical Domestic Abuse,2024-02-02,Friday,Late Night (12-4AM),No streetlight,Woman,26-35,Yes,None,High,Yes,Acquitted,Reported physical abuse within a domestic setting.
KOL-5307,FIR/2025/804,West Bengal,Kolkata,Topsia,22.541056,88.390712,Harassment,Cyberstalking,2025-12-28,Sunday,Late Night (12-4AM),Well-lit,Woman,36-50,No,None,Medium,Yes,Under Investigation,Online harassment and unwanted contact reported by victim.
KOL-5308,FIR/2024/695,West Bengal,Kolkata,Topsia,22.541062,88.395872,Theft,Pickpocketing,2024-08-06,Tuesday,Night (8PM-12AM),Poorly-lit,Not Specified,36-50,No,None,Low,Yes,FIR Filed,Pickpocketing incident reported in a crowded market/transit area.
KOL-5309,FIR/2024/894,West Bengal,Kolkata,Topsia,22.539768,88.390361,Harassment,Public Indecency,2024-02-16,Friday,Late Night (12-4AM),No streetlight,Woman,51+,No,None,Medium,No,Under Investigation,Complaint of indecent exposure/behavior in a public space.
KOL-5310,FIR/2024/382,West Bengal,Kolkata,Topsia,22.530352,88.39648,Assault,Physical Assault,2024-11-04,Monday,Early Morning (4-7AM),Poorly-lit,Woman,36-50,Yes,Acid,Medium,No,Acquitted,Physical altercation resulting in injury to victim.
KOL-5311,FIR/2025/920,West Bengal,Kolkata,Topsia,22.538871,88.389365,Kidnapping,Abduction,2025-10-04,Saturday,Afternoon (11AM-4PM),Poorly-lit,Man,51+,No,None,High,Yes,FIR Filed,Reported abduction case under active investigation.
KOL-5312,FIR/2024/832,West Bengal,Kolkata,Rajabazar,22.580635,88.358372,Assault,Acid Attack,2024-10-25,Friday,Night (8PM-12AM),No streetlight,Not Specified,Under 18,No,None,High,Yes,Chargesheet Filed,Reported acid attack case under investigation.
KOL-5313,FIR/2025/105,West Bengal,Kolkata,Rajabazar,22.577965,88.36048,Murder,Homicide,2025-01-31,Friday,Late Night (12-4AM),Poorly-lit,Woman,36-50,Yes,Knife,High,Yes,Case Closed,Reported homicide case under investigation.
KOL-5314,FIR/2025/275,West Bengal,Kolkata,Rajabazar,22.576834,88.35866,Harassment,Cyberstalking,2025-06-08,Sunday,Evening (4-8PM),No streetlight,Woman,36-50,Yes,None,Medium,Yes,Case Closed,Online harassment and unwanted contact reported by victim.
KOL-5315,FIR/2025/978,West Bengal,Kolkata,Rajabazar,22.579734,88.362719,Assault,Group Assault,2025-11-17,Monday,Evening (4-8PM),Poorly-lit,Woman,36-50,Yes,Blunt object,High,Yes,Acquitted,Assault by multiple individuals reported by victim.
KOL-5316,FIR/2024/803,West Bengal,Kolkata,Rajabazar,22.576838,88.357572,Sexual Offence,Attempt to Sexual Assault,2024-04-26,Friday,Early Morning (4-7AM),Poorly-lit,Woman,Under 18,Yes,None,High,Yes,Convicted,Attempted sexual assault reported and thwarted.
KOL-5317,FIR/2024/807,West Bengal,Kolkata,Rajabazar,22.577518,88.356726,Assault,Group Assault,2024-09-26,Thursday,Late Night (12-4AM),Poorly-lit,Man,Under 18,Yes,Sharp object,High,No,FIR Filed,Assault by multiple individuals reported by victim.
KOL-5318,FIR/2024/924,West Bengal,Kolkata,Rajabazar,22.573818,88.367718,Domestic Violence,Dowry Harassment,2024-01-20,Saturday,Evening (4-8PM),No streetlight,Woman,18-25,Yes,None,High,Yes,Chargesheet Filed,Complaint of harassment related to dowry demands.
KOL-5319,FIR/2024/572,West Bengal,Kolkata,Rajabazar,22.576427,88.368848,Harassment,Public Indecency,2024-10-19,Saturday,Night (8PM-12AM),Well-lit,Woman,51+,No,None,Medium,No,Acquitted,Complaint of indecent exposure/behavior in a public space.
KOL-5320,FIR/2024/267,West Bengal,Kolkata,Rajabazar,22.578743,88.370572,Assault,Physical Assault,2024-05-24,Friday,Early Morning (4-7AM),No streetlight,Not Specified,18-25,Yes,None,Medium,Yes,Under Investigation,Physical altercation resulting in injury to victim.
KOL-5321,FIR/2024/523,West Bengal,Kolkata,Rajabazar,22.580993,88.365077,Domestic Violence,Dowry Harassment,2024-02-09,Friday,Night (8PM-12AM),Well-lit,Woman,Under 18,Yes,None,High,Yes,Under Investigation,Complaint of harassment related to dowry demands.
KOL-5322,FIR/2024/769,West Bengal,Kolkata,Rajabazar,22.585336,88.353568,Kidnapping,Abduction,2024-03-28,Thursday,Night (8PM-12AM),Poorly-lit,Woman,51+,Yes,None,High,Yes,Under Investigation,Reported abduction case under active investigation.
KOL-5323,FIR/2024/972,West Bengal,Kolkata,Rajabazar,22.578803,88.369835,Assault,Physical Assault,2024-08-12,Monday,Night (8PM-12AM),Well-lit,Man,18-25,No,Sharp object,Medium,No,Case Closed,Physical altercation resulting in injury to victim.
KOL-5324,FIR/2025/354,West Bengal,Kolkata,Rajabazar,22.583431,88.357017,Kidnapping,Attempted Kidnapping,2025-03-01,Saturday,Early Morning (4-7AM),Well-lit,Man,Under 18,No,None,High,Yes,Chargesheet Filed,Attempted abduction thwarted by bystanders/victim.
KOL-5325,FIR/2024/785,West Bengal,Kolkata,Rajabazar,22.59,88.354014,Harassment,Workplace Harassment,2024-06-29,Saturday,Late Night (12-4AM),No streetlight,Woman,Under 18,Yes,None,Medium,Yes,Convicted,Sexual harassment complaint filed against a colleague/superior.
KOL-5326,FIR/2025/750,West Bengal,Kolkata,Rajabazar,22.580283,88.353693,Theft,Bag Snatching,2025-06-26,Thursday,Late Night (12-4AM),Well-lit,Man,51+,No,None,Medium,Yes,Convicted,Snatching of a handbag from a woman pedestrian.
KOL-5327,FIR/2024/499,West Bengal,Kolkata,Rajabazar,22.583777,88.360884,Sexual Offence,Attempt to Sexual Assault,2024-07-16,Tuesday,Afternoon (11AM-4PM),No streetlight,Woman,26-35,Yes,None,High,Yes,Case Closed,Attempted sexual assault reported and thwarted.
KOL-5328,FIR/2025/959,West Bengal,Kolkata,Lake Gardens,22.502517,88.351953,Sexual Offence,Attempt to Sexual Assault,2025-01-01,Wednesday,Evening (4-8PM),Poorly-lit,Woman,36-50,Yes,None,High,No,FIR Filed,Attempted sexual assault reported and thwarted.
KOL-5329,FIR/2025/950,West Bengal,Kolkata,Lake Gardens,22.496737,88.363953,Burglary,Residential Burglary,2025-09-02,Tuesday,Early Morning (4-7AM),Well-lit,Not Specified,51+,No,None,Medium,Yes,FIR Filed,Break-in at a residence during night hours.
KOL-5330,FIR/2025/169,West Bengal,Kolkata,Lake Gardens,22.49195,88.356997,Harassment,Verbal Abuse,2025-07-11,Friday,Evening (4-8PM),Poorly-lit,Woman,36-50,Yes,None,Low,Yes,Convicted,Complaint of abusive language directed at a woman in public.
KOL-5331,FIR/2025/879,West Bengal,Kolkata,Lake Gardens,22.488215,88.355143,Assault,Physical Assault,2025-11-12,Wednesday,Night (8PM-12AM),No streetlight,Woman,Under 18,No,Blunt object,Medium,No,FIR Filed,Physical altercation resulting in injury to victim.
KOL-5332,FIR/2025/533,West Bengal,Kolkata,Lake Gardens,22.502509,88.353183,Sexual Offence,Attempt to Sexual Assault,2025-04-14,Monday,Early Morning (4-7AM),Poorly-lit,Woman,36-50,Yes,None,High,No,Case Closed,Attempted sexual assault reported and thwarted.
KOL-5333,FIR/2025/968,West Bengal,Kolkata,Lake Gardens,22.50528,88.364933,Robbery,ATM Robbery,2025-08-02,Saturday,Evening (4-8PM),No streetlight,Man,36-50,No,Acid,High,Yes,Under Investigation,Robbery attempt reported near an ATM kiosk.
KOL-5334,FIR/2024/233,West Bengal,Kolkata,Lake Gardens,22.488198,88.351662,Murder,Homicide,2024-08-09,Friday,Early Morning (4-7AM),Poorly-lit,Man,26-35,Yes,Firearm,High,No,Case Closed,Reported homicide case under investigation.
KOL-5335,FIR/2025/387,West Bengal,Kolkata,Lake Gardens,22.488549,88.350093,Burglary,Residential Burglary,2025-05-21,Wednesday,Night (8PM-12AM),Well-lit,Man,18-25,No,None,Medium,No,FIR Filed,Break-in at a residence during night hours.
KOL-5336,FIR/2024/702,West Bengal,Kolkata,Lake Gardens,22.491999,88.363707,Burglary,Residential Burglary,2024-04-11,Thursday,Morning (7-11AM),Poorly-lit,Woman,26-35,Yes,None,Medium,Yes,Chargesheet Filed,Break-in at a residence during night hours.
KOL-5337,FIR/2024/810,West Bengal,Kolkata,Lake Gardens,22.505104,88.349011,Domestic Violence,Dowry Harassment,2024-09-18,Wednesday,Night (8PM-12AM),Well-lit,Woman,36-50,Yes,None,High,No,Under Investigation,Complaint of harassment related to dowry demands.
KOL-5338,FIR/2025/864,West Bengal,Kolkata,Lake Gardens,22.502555,88.352214,Murder,Homicide,2025-05-05,Monday,Early Morning (4-7AM),Well-lit,Man,26-35,No,Blunt object,High,Yes,Chargesheet Filed,Reported homicide case under investigation.
KOL-5339,FIR/2025/557,West Bengal,Kolkata,Lake Gardens,22.487843,88.351072,Kidnapping,Attempted Kidnapping,2025-07-20,Sunday,Late Night (12-4AM),No streetlight,Woman,18-25,No,None,High,Yes,Chargesheet Filed,Attempted abduction thwarted by bystanders/victim.
KOL-5340,FIR/2025/699,West Bengal,Kolkata,Lake Gardens,22.489031,88.355106,Theft,Mobile Theft,2025-07-11,Friday,Night (8PM-12AM),Poorly-lit,Woman,Under 18,Yes,None,Low,No,Case Closed,Theft of mobile phone from a passerby or commuter.
KOL-5341,FIR/2024/137,West Bengal,Kolkata,Jodhpur Park,22.489613,88.362518,Kidnapping,Abduction,2024-03-27,Wednesday,Night (8PM-12AM),Well-lit,Woman,Under 18,No,None,High,No,Acquitted,Reported abduction case under active investigation.
KOL-5342,FIR/2024/125,West Bengal,Kolkata,Jodhpur Park,22.490135,88.354895,Kidnapping,Attempted Kidnapping,2024-12-01,Sunday,Late Night (12-4AM),No streetlight,Woman,Under 18,Yes,None,High,Yes,Convicted,Attempted abduction thwarted by bystanders/victim.
KOL-5343,FIR/2025/950,West Bengal,Kolkata,Jodhpur Park,22.505218,88.359532,Theft,House Theft,2025-12-31,Wednesday,Early Morning (4-7AM),Poorly-lit,Man,18-25,Yes,None,Medium,Yes,Convicted,Theft of valuables from a residence during owner's absence.
KOL-5344,FIR/2025/834,West Bengal,Kolkata,Jodhpur Park,22.490917,88.369222,Burglary,Commercial Burglary,2025-03-23,Sunday,Morning (7-11AM),Well-lit,Woman,51+,No,None,Medium,Yes,Case Closed,Break-in reported at a shop/office after closing hours.
KOL-5345,FIR/2024/160,West Bengal,Kolkata,Jodhpur Park,22.49564,88.357119,Assault,Physical Assault,2024-01-17,Wednesday,Late Night (12-4AM),Poorly-lit,Man,18-25,No,Firearm,Medium,Yes,Chargesheet Filed,Physical altercation resulting in injury to victim.
KOL-5346,FIR/2025/386,West Bengal,Kolkata,Jodhpur Park,22.505972,88.358011,Sexual Offence,Attempt to Sexual Assault,2025-09-18,Thursday,Night (8PM-12AM),Poorly-lit,Woman,26-35,Yes,None,High,No,FIR Filed,Attempted sexual assault reported and thwarted.
KOL-5347,FIR/2024/272,West Bengal,Kolkata,Jodhpur Park,22.489746,88.356272,Robbery,ATM Robbery,2024-03-30,Saturday,Evening (4-8PM),Poorly-lit,Man,36-50,Yes,Knife,High,Yes,Case Closed,Robbery attempt reported near an ATM kiosk.
KOL-5348,FIR/2024/826,West Bengal,Kolkata,Jodhpur Park,22.497745,88.35778,Domestic Violence,Dowry Harassment,2024-08-09,Friday,Late Night (12-4AM),Poorly-lit,Woman,18-25,Yes,None,High,Yes,Chargesheet Filed,Complaint of harassment related to dowry demands.
KOL-5349,FIR/2024/192,West Bengal,Kolkata,Jodhpur Park,22.506422,88.355698,Murder,Homicide,2024-03-30,Saturday,Night (8PM-12AM),No streetlight,Man,36-50,No,None,High,Yes,Under Investigation,Reported homicide case under investigation.
KOL-5350,FIR/2024/309,West Bengal,Kolkata,Jodhpur Park,22.492968,88.360775,Domestic Violence,Dowry Harassment,2024-08-12,Monday,Night (8PM-12AM),No streetlight,Woman,26-35,Yes,None,High,Yes,Under Investigation,Complaint of harassment related to dowry demands.
KOL-5351,FIR/2025/360,West Bengal,Kolkata,Jodhpur Park,22.502818,88.356723,Assault,Acid Attack,2025-11-17,Monday,Night (8PM-12AM),No streetlight,Not Specified,26-35,No,Knife,High,Yes,Convicted,Reported acid attack case under investigation.
KOL-5352,FIR/2024/216,West Bengal,Kolkata,Jodhpur Park,22.498982,88.35464,Theft,Vehicle Theft,2024-11-29,Friday,Early Morning (4-7AM),Poorly-lit,Woman,Under 18,No,None,Medium,No,FIR Filed,Theft of a two-wheeler/car parked in the area.
KOL-5353,FIR/2025/515,West Bengal,Kolkata,Jodhpur Park,22.505869,88.354011,Murder,Homicide,2025-09-11,Thursday,Evening (4-8PM),Poorly-lit,Woman,Under 18,No,Knife,High,Yes,Chargesheet Filed,Reported homicide case under investigation.
KOL-5354,FIR/2024/791,West Bengal,Kolkata,Chetla,22.513393,88.326005,Theft,Mobile Theft,2024-01-15,Monday,Late Night (12-4AM),Poorly-lit,Not Specified,36-50,Yes,None,Low,Yes,FIR Filed,Theft of mobile phone from a passerby or commuter.
KOL-5355,FIR/2025/891,West Bengal,Kolkata,Chetla,22.521978,88.331113,Assault,Group Assault,2025-05-07,Wednesday,Evening (4-8PM),No streetlight,Woman,Under 18,No,Blunt object,High,Yes,Convicted,Assault by multiple individuals reported by victim.
KOL-5356,FIR/2025/805,West Bengal,Kolkata,Chetla,22.515484,88.329219,Domestic Violence,Emotional/Verbal Domestic Abuse,2025-02-15,Saturday,Evening (4-8PM),Poorly-lit,Woman,51+,Yes,None,Medium,Yes,Acquitted,Reported emotional/verbal abuse within household.
KOL-5357,FIR/2024/572,West Bengal,Kolkata,Chetla,22.519289,88.328916,Harassment,Verbal Abuse,2024-01-23,Tuesday,Late Night (12-4AM),No streetlight,Woman,26-35,No,None,Low,No,Under Investigation,Complaint of abusive language directed at a woman in public.
KOL-5358,FIR/2025/833,West Bengal,Kolkata,Chetla,22.520475,88.334331,Kidnapping,Abduction,2025-02-08,Saturday,Morning (7-11AM),Poorly-lit,Man,18-25,Yes,None,High,No,Case Closed,Reported abduction case under active investigation.
KOL-5359,FIR/2025/335,West Bengal,Kolkata,Chetla,22.508046,88.333776,Sexual Offence,Rape,2025-09-08,Monday,Late Night (12-4AM),Well-lit,Woman,18-25,Yes,None,High,Yes,FIR Filed,Reported sexual assault case under investigation.
KOL-5360,FIR/2025/181,West Bengal,Kolkata,Chetla,22.523869,88.328716,Harassment,Eve Teasing,2025-02-25,Tuesday,Early Morning (4-7AM),No streetlight,Woman,Under 18,Yes,None,Low,No,Under Investigation,Verbal harassment of a woman commuter near a public transport stop.
KOL-5361,FIR/2025/444,West Bengal,Kolkata,Chetla,22.507565,88.336641,Assault,Group Assault,2025-07-22,Tuesday,Early Morning (4-7AM),No streetlight,Man,26-35,Yes,Firearm,High,Yes,Chargesheet Filed,Assault by multiple individuals reported by victim.
KOL-5362,FIR/2024/284,West Bengal,Kolkata,Chetla,22.510873,88.330363,Domestic Violence,Emotional/Verbal Domestic Abuse,2024-07-02,Tuesday,Early Morning (4-7AM),Well-lit,Woman,51+,Yes,None,Medium,Yes,FIR Filed,Reported emotional/verbal abuse within household.
KOL-5363,FIR/2024/174,West Bengal,Kolkata,Chetla,22.51647,88.323492,Robbery,Street Robbery,2024-09-28,Saturday,Night (8PM-12AM),No streetlight,Man,36-50,No,None,High,No,FIR Filed,Forced snatching of valuables at knife/weapon point.
KOL-5364,FIR/2024/244,West Bengal,Kolkata,Chetla,22.516646,88.327245,Assault,Physical Assault,2024-01-28,Sunday,Evening (4-8PM),Well-lit,Not Specified,18-25,Yes,Knife,Medium,No,Under Investigation,Physical altercation resulting in injury to victim.
KOL-5365,FIR/2024/210,West Bengal,Kolkata,Chetla,22.520674,88.336127,Murder,Homicide,2024-02-05,Monday,Early Morning (4-7AM),Well-lit,Woman,36-50,No,Acid,High,Yes,Chargesheet Filed,Reported homicide case under investigation.
KOL-5366,FIR/2025/917,West Bengal,Kolkata,Chetla,22.510718,88.324601,Domestic Violence,Physical Domestic Abuse,2025-10-16,Thursday,Morning (7-11AM),Poorly-lit,Woman,18-25,Yes,None,High,Yes,Convicted,Reported physical abuse within a domestic setting.
KOL-5367,FIR/2024/925,West Bengal,Kolkata,Ekbalpore,22.535659,88.317944,Assault,Group Assault,2024-04-01,Monday,Late Night (12-4AM),Well-lit,Not Specified,36-50,No,Firearm,High,No,FIR Filed,Assault by multiple individuals reported by victim.
KOL-5368,FIR/2025/692,West Bengal,Kolkata,Ekbalpore,22.54087,88.304722,Kidnapping,Abduction,2025-12-29,Monday,Early Morning (4-7AM),Well-lit,Not Specified,Under 18,Yes,None,High,No,Acquitted,Reported abduction case under active investigation.
KOL-5369,FIR/2025/862,West Bengal,Kolkata,Ekbalpore,22.531124,88.307169,Kidnapping,Attempted Kidnapping,2025-02-04,Tuesday,Night (8PM-12AM),No streetlight,Not Specified,36-50,Yes,None,High,Yes,Chargesheet Filed,Attempted abduction thwarted by bystanders/victim.
KOL-5370,FIR/2025/119,West Bengal,Kolkata,Ekbalpore,22.528527,88.316193,Kidnapping,Attempted Kidnapping,2025-02-10,Monday,Evening (4-8PM),Well-lit,Woman,26-35,No,None,High,Yes,Chargesheet Filed,Attempted abduction thwarted by bystanders/victim.
KOL-5371,FIR/2025/634,West Bengal,Kolkata,Ekbalpore,22.532909,88.318204,Robbery,Street Robbery,2025-11-03,Monday,Late Night (12-4AM),No streetlight,Not Specified,51+,No,Acid,High,Yes,Under Investigation,Forced snatching of valuables at knife/weapon point.
KOL-5372,FIR/2024/946,West Bengal,Kolkata,Ekbalpore,22.529313,88.304402,Sexual Offence,Rape,2024-04-17,Wednesday,Late Night (12-4AM),No streetlight,Woman,18-25,Yes,None,High,Yes,Case Closed,Reported sexual assault case under investigation.
KOL-5373,FIR/2024/113,West Bengal,Kolkata,Ekbalpore,22.535307,88.317069,Assault,Acid Attack,2024-03-21,Thursday,Late Night (12-4AM),Poorly-lit,Not Specified,26-35,Yes,None,High,Yes,Chargesheet Filed,Reported acid attack case under investigation.
KOL-5374,FIR/2024/486,West Bengal,Kolkata,Ekbalpore,22.53567,88.312673,Theft,Pickpocketing,2024-03-06,Wednesday,Late Night (12-4AM),Well-lit,Man,51+,Yes,None,Low,Yes,Convicted,Pickpocketing incident reported in a crowded market/transit area.
KOL-5375,FIR/2025/424,West Bengal,Kolkata,Ekbalpore,22.52457,88.308578,Assault,Physical Assault,2025-09-15,Monday,Night (8PM-12AM),Poorly-lit,Man,18-25,No,Sharp object,Medium,Yes,Acquitted,Physical altercation resulting in injury to victim.
KOL-5376,FIR/2025/977,West Bengal,Kolkata,Ekbalpore,22.541237,88.312246,Harassment,Cyberstalking,2025-05-27,Tuesday,Evening (4-8PM),Well-lit,Woman,51+,Yes,None,Medium,No,FIR Filed,Online harassment and unwanted contact reported by victim.
KOL-5377,FIR/2025/882,West Bengal,Kolkata,Ekbalpore,22.524032,88.306623,Robbery,ATM Robbery,2025-08-15,Friday,Night (8PM-12AM),Well-lit,Not Specified,Under 18,No,Sharp object,High,No,FIR Filed,Robbery attempt reported near an ATM kiosk.
KOL-5378,FIR/2025/724,West Bengal,Kolkata,Ekbalpore,22.53509,88.317992,Domestic Violence,Emotional/Verbal Domestic Abuse,2025-12-10,Wednesday,Late Night (12-4AM),Poorly-lit,Woman,36-50,Yes,None,Medium,Yes,Chargesheet Filed,Reported emotional/verbal abuse within household.
KOL-5379,FIR/2024/344,West Bengal,Kolkata,Ekbalpore,22.533598,88.316682,Burglary,Commercial Burglary,2024-03-11,Monday,Late Night (12-4AM),Well-lit,Woman,36-50,No,None,Medium,Yes,Case Closed,Break-in reported at a shop/office after closing hours.
KOL-5380,FIR/2024/276,West Bengal,Kolkata,Ekbalpore,22.530804,88.30898,Burglary,Residential Burglary,2024-06-06,Thursday,Evening (4-8PM),Poorly-lit,Not Specified,26-35,No,None,Medium,Yes,Chargesheet Filed,Break-in at a residence during night hours.
KOL-5381,FIR/2025/755,West Bengal,Kolkata,Ekbalpore,22.535787,88.318816,Domestic Violence,Dowry Harassment,2025-09-14,Sunday,Evening (4-8PM),No streetlight,Woman,51+,Yes,None,High,Yes,Convicted,Complaint of harassment related to dowry demands.
KOL-5382,FIR/2025/181,West Bengal,Kolkata,Metiabruz,22.514314,88.286402,Harassment,Stalking,2025-05-28,Wednesday,Early Morning (4-7AM),Well-lit,Woman,26-35,No,None,Medium,No,Under Investigation,Repeated unwanted following/monitoring of a woman reported by victim.
KOL-5383,FIR/2024/131,West Bengal,Kolkata,Metiabruz,22.499226,88.290593,Murder,Homicide,2024-11-15,Friday,Early Morning (4-7AM),No streetlight,Woman,26-35,No,Blunt object,High,Yes,Convicted,Reported homicide case under investigation.
KOL-5384,FIR/2024/738,West Bengal,Kolkata,Metiabruz,22.513459,88.298021,Assault,Group Assault,2024-01-07,Sunday,Morning (7-11AM),No streetlight,Woman,Under 18,Yes,Acid,High,Yes,Acquitted,Assault by multiple individuals reported by victim.
KOL-5385,FIR/2025/495,West Bengal,Kolkata,Metiabruz,22.499059,88.296591,Theft,Pickpocketing,2025-11-30,Sunday,Evening (4-8PM),No streetlight,Man,36-50,No,None,Low,Yes,Chargesheet Filed,Pickpocketing incident reported in a crowded market/transit area.
KOL-5386,FIR/2024/430,West Bengal,Kolkata,Metiabruz,22.503643,88.287764,Theft,House Theft,2024-06-22,Saturday,Night (8PM-12AM),Well-lit,Woman,Under 18,No,None,Medium,No,Under Investigation,Theft of valuables from a residence during owner's absence.
KOL-5387,FIR/2025/635,West Bengal,Kolkata,Metiabruz,22.505518,88.299742,Theft,Mobile Theft,2025-04-01,Tuesday,Late Night (12-4AM),Poorly-lit,Man,36-50,No,None,Low,Yes,Under Investigation,Theft of mobile phone from a passerby or commuter.
KOL-5388,FIR/2025/505,West Bengal,Kolkata,Metiabruz,22.50854,88.297646,Robbery,Shop Robbery,2025-08-24,Sunday,Morning (7-11AM),Well-lit,Man,18-25,No,Acid,High,Yes,Convicted,Armed robbery reported at a local shop/establishment.
KOL-5389,FIR/2024/442,West Bengal,Kolkata,Metiabruz,22.501882,88.298994,Kidnapping,Abduction,2024-02-25,Sunday,Night (8PM-12AM),Well-lit,Man,Under 18,Yes,None,High,Yes,Chargesheet Filed,Reported abduction case under active investigation.
KOL-5390,FIR/2024/624,West Bengal,Kolkata,Metiabruz,22.512321,88.296494,Theft,Chain Snatching,2024-02-25,Sunday,Night (8PM-12AM),Well-lit,Woman,36-50,No,None,Medium,Yes,Chargesheet Filed,Snatching of gold chain/jewelry from a pedestrian.
KOL-5391,FIR/2024/684,West Bengal,Kolkata,Metiabruz,22.497196,88.294898,Assault,Acid Attack,2024-03-07,Thursday,Night (8PM-12AM),No streetlight,Man,36-50,Yes,Firearm,High,No,FIR Filed,Reported acid attack case under investigation.
